GRAND_ID,AREA_SKM,POLY_SRC,lon,lat,CRS,COMID
1,2.1,SWBD,-153.0200815,57.637070370000004,WGS84,NA
3,4.4,SWBD,-135.1635155,57.07340831,WGS84,NA
4,3.9,SWBD,-135.0657225,56.98023918,WGS84,NA
5,5.3,SWBD,-133.7754638,58.18657869,WGS84,NA
8,5.1,SWBD,-131.2868517,55.61636862,WGS84,NA
10,0.8,SWBD,-131.5325121,55.37733748,WGS84,NA
11,2.1,SWBD,-131.6263662,55.38143924,WGS84,NA
40,18.6,SWBD,-122.3357203,48.72412339,WGS84,24534422
41,35,SWBD,-121.0490668,48.85301928,WGS84,24256221
42,2.6,SWBD,-121.1084852,48.70765753,WGS84,24255209
43,17.6,SWBD,-121.6409764,48.70902193,WGS84,24255979
44,7.1,SWBD,-121.7237351,48.58536222,WGS84,24255887
47,5.7,SWBD,-121.6424598,47.97366046,WGS84,23963715
48,1.6,SWBD,-121.8447789,47.95920883,WGS84,23963765
49,127.7,SWBD,-120.3543525,48.03666927,WGS84,23073789
50,4,SWBD,-121.6575527,47.70121495,WGS84,23970767
51,12.9,SWBD,-123.2506958,47.46818873,WGS84,24285522
52,6.8,McGill,-121.6977277,47.39027063,WGS84,24537984
53,2.7,SWBD,-122.1242514,47.41983583,WGS84,23977828
54,3,SWBD,-123.5875,47.40360406,WGS84,23856925
55,9.2,SWBD,-121.3687348,47.34969927,WGS84,24126175
56,1.6,SWBD,-121.7685473,47.27367533,WGS84,23977694
57,16.9,SWBD,-121.2283213,47.31605101,WGS84,24129735
58,16.7,SWBD,-121.1023054,47.28750438,WGS84,24129787
59,7.8,SWBD,-122.1663757,47.22199062,WGS84,23981259
60,4.8,SWBD,-121.3273538,46.85043566,WGS84,24423035
61,10,SWBD,-122.2661782,46.77893475,WGS84,24282064
62,1.9,SWBD,-122.6894019,46.78619932,WGS84,23850757
63,8.2,SWBD,-121.1744928,46.63944156,WGS84,24423313
64,38.4,SWBD,-122.2985417,46.49056376,WGS84,24250288
65,7.4,SWBD,-122.5495879,46.53506053,WGS84,24248954
66,1.1,SWBD,-122.0932825,46.4764315,WGS84,23743618
67,1.8,SWBD,-122.5420895,46.35076658,WGS84,24248676
68,16.7,SWBD,-122.1153898,46.05594286,WGS84,24241961
69,0.2,SWBD,-123.366088,46.03579566,WGS84,23872967
70,13.6,SWBD,-122.3124204,46.01136827,WGS84,24241911
71,1.3,SWBD,-122.0648423,45.4859485,WGS84,23736031
72,4,SWBD,-123.2189325,45.48413327,WGS84,23805110
73,1.7,SWBD,-121.8305771,45.45484313,WGS84,23737773
74,1.2,SWBD,-122.1356929,45.45064924,WGS84,23736019
75,1.3,SWBD,-123.3837609,45.44057528,WGS84,23875901
76,1.3,SWBD,-122.6947685,45.40981292,WGS84,23815530
77,0.9,SWBD,-122.2623009,45.23614381,WGS84,23809100
78,1.9,SWBD,-121.7082022,45.18064013,WGS84,23720743
79,5.5,SWBD,-121.7856439,45.12109475,WGS84,23809476
80,8.5,SWBD,-122.1979729,44.70681377,WGS84,23780571
81,1.6,SWBD,-121.2527891,44.66173749,WGS84,23719735
82,15.2,SWBD,-121.326685,44.57657185,WGS84,23700993
83,11.1,SWBD,-122.4845627,44.47685025,WGS84,23785941
84,1,SWBD,-121.7410468,44.42152941,WGS84,23700241
85,3.2,SWBD,-122.6480269,44.41517216,WGS84,23785773
86,0.6,SWBD,-122.0460895,44.31701928,WGS84,23773391
87,3,SWBD,-120.6942256,44.30408926,WGS84,23713986
88,2.4,SWBD,-122.2889858,44.1817789,WGS84,23773425
89,2.8,SWBD,-122.2322499,44.10593891,WGS84,23773015
90,26.7,SWBD,-123.2957306,44.08827664,WGS84,23763153
91,8.5,SWBD,-120.7258976,44.12238907,WGS84,24515590
92,3.3,SWBD,-122.7312525,43.94960448,WGS84,23752606
93,3.4,SWBD,-122.7891106,43.91467907,WGS84,23751844
94,11.5,SWBD,-122.6867298,43.8753954,WGS84,23751856
95,12,SWBD,-124.089797,43.8758479,WGS84,23893345
96,6.4,SWBD,-124.1174554,43.80067416,WGS84,23893313
97,4.2,SWBD,-122.9318792,43.77675045,WGS84,23759592
98,18.3,SWBD,-121.7994861,43.78684741,WGS84,23700615
99,2.5,SWBD,-123.0637677,43.70619211,WGS84,23759316
100,7.4,SWBD,-122.4247114,43.67750457,WGS84,23751966
101,37.8,SWBD,-121.7312992,43.67845238,WGS84,23700505
102,15.1,SWBD,-121.9902346,43.47752989,WGS84,23706312
103,1.4,SWBD,-122.1845118,43.31203387,WGS84,23894462
104,0.8,SWBD,-123.5647647,43.04605538,WGS84,23901001
105,8.1,SWBD,-121.0861636,42.94157766,WGS84,24026366
106,1.5,SWBD,-123.1656525,42.84469974,WGS84,23901305
107,11.3,SWBD,-122.6453765,42.68455433,WGS84,23923442
108,2.7,SWBD,-122.2552742,42.46723186,WGS84,24092388
109,1.8,SWBD,-120.5143968,42.2562664,WGS84,7917545
110,276.6,SWBD,-121.9277335,42.41250796,WGS84,24091920
111,6.4,SWBD,-122.3975787,42.22696987,WGS84,359347
112,13.2,SWBD,-121.1026366,42.19803233,WGS84,2553673
113,3,SWBD,-122.4538495,42.18635294,WGS84,359303
114,2.2,SWBD,-122.6082967,42.14907734,WGS84,23930924
115,13.7,SWBD,-120.6628116,42.16602347,WGS84,7917585
116,2.2,SWBD,-123.1336181,42.03855377,WGS84,23936061
117,3.7,SWBD,-122.304895,41.97986441,WGS84,362893
118,3.7,SWBD,-122.420733,41.95969813,WGS84,362871
120,17.3,SWBD,-120.6520196,41.60267653,WGS84,7924561
121,5.5,SWBD,-122.3946886,41.51785593,WGS84,948010067
122,1.5,SWBD,-122.3404543,41.28297319,WGS84,7965333
123,3,SWBD,-120.4007056,41.2015523,WGS84,7932391
124,1.7,SWBD,-122.0792582,41.14913281,WGS84,7961217
125,10.1,SWBD,-120.3979883,41.09012519,WGS84,7932449
126,1.3,SWBD,-121.9817503,41.04939736,WGS84,7948950
127,2.9,SWBD,-121.6517763,41.02743102,WGS84,7948994
128,2.1,SWBD,-120.1431165,40.97991614,WGS84,20311501
129,0.7,SWBD,-121.9760615,40.85348315,WGS84,7952810
130,1.5,SWBD,-120.7919157,40.84292519,WGS84,20311543
131,56.3,SWBD,-122.7262821,40.9045182,WGS84,8246492
132,102.4,SWBD,-122.3109478,40.78407135,WGS84,7963509
133,11.1,SWBD,-122.5560884,40.62416624,WGS84,2782735
134,6.8,SWBD,-120.95366,40.46886054,WGS84,20296851
135,4.3,SWBD,-123.4007749,40.33504119,WGS84,8321261
136,18.7,SWBD,-120.9634155,40.27141316,WGS84,2774826
137,3,SWBD,-120.5922914,40.1827255,WGS84,8027938
138,102.9,SWBD,-121.1498998,40.24828538,WGS84,2773702
139,6.1,SWBD,-121.1711591,40.14210831,WGS84,2773744
140,6.9,SWBD,-121.1855058,39.88944484,WGS84,2776580
141,5.3,SWBD,-120.1964834,39.91385854,WGS84,8041975
142,17.8,SWBD,-120.5121729,39.91420682,WGS84,8041941
143,0.7,SWBD,-121.5803183,39.85790697,WGS84,2770688
144,10.3,SWBD,-122.3627754,39.79399033,WGS84,7992993
145,5.9,SWBD,-120.9886748,39.72912269,WGS84,8042009
146,4.1,SWBD,-122.5263249,39.56151153,WGS84,7993221
147,2.2,SWBD,-121.107276,39.59402685,WGS84,8038153
148,45.6,SWBD,-121.4453441,39.58608847,WGS84,2776716
149,2.1,SWBD,-121.6096319,39.52297755,WGS84,7968115
150,3.8,SWBD,-120.545517,39.49579071,WGS84,8064607
151,12.9,SWBD,-120.1362414,39.47790198,WGS84,8934434
152,12.5,SWBD,-121.6699185,39.47503764,WGS84,7978075
153,2.7,SWBD,-120.3092804,39.442132,WGS84,8934428
154,2.9,SWBD,-120.63721,39.45224068,WGS84,8064617
155,1.3,SWBD,-120.534169,39.41638263,WGS84,8064653
156,7.4,SWBD,-122.9469057,39.42347231,WGS84,24681161
157,2,SWBD,-120.0969499,39.40261095,WGS84,8934462
158,14.5,SWBD,-121.1321799,39.43970904,WGS84,8062415
159,2,SWBD,-120.4778896,39.3887727,WGS84,8064689
160,1.3,SWBD,-120.1526663,39.38044904,WGS84,8934490
161,6.1,SWBD,-122.5051053,39.34508606,WGS84,7996321
162,1.9,SWBD,-120.6311103,39.33482733,WGS84,8064721
163,0.2,SWBD,-120.113594,39.32150483,WGS84,8934512
164,3.4,SWBD,-121.3163859,39.3377925,WGS84,8062463
165,3.2,SWBD,-120.2654893,39.32270604,WGS84,8934506
166,1,SWBD,-120.5832421,39.29854637,WGS84,14993659
167,2.5,SWBD,-120.9176637,39.27698391,WGS84,8064707
168,2.8,SWBD,-121.2498432,39.27025281,WGS84,8062525
169,6.7,SWBD,-123.1735482,39.21532324,WGS84,8269139
170,495.6,SWBD,-120.0335515,39.09591142,WGS84,8942095
171,2.4,SWBD,-120.942302,39.15110351,WGS84,15014939
172,4.8,SWBD,-120.4425895,39.11316391,WGS84,14993677
173,14,SWBD,-122.5401584,39.12299773,WGS84,8007769
174,3.1,SWBD,-120.3977564,39.07552625,WGS84,14993703
175,6.6,SWBD,-121.295665,39.04776965,WGS84,15013993
176,4.7,SWBD,-120.3117914,38.99579623,WGS84,14993719
177,1.3,SWBD,-120.5916227,38.89899249,WGS84,14997987
178,8,SWBD,-120.4087461,38.87095156,WGS84,14983580
179,2.6,SWBD,-120.3435659,38.8247042,WGS84,14983642
180,8.8,SWBD,-123.0535043,38.73315911,WGS84,8276449
181,2.4,SWBD,-120.5555671,38.72329948,WGS84,20196370
182,33.7,SWBD,-121.1245494,38.73924134,WGS84,14996705
183,2.4,SWBD,-120.0455664,38.69868976,WGS84,14983694
184,2.1,SWBD,-120.241603,38.54368026,WGS84,17053574
185,66.3,SWBD,-122.2253263,38.58642622,WGS84,8016061
186,1.6,SWBD,-120.1924414,38.4980499,WGS84,17058266
187,2.8,SWBD,-122.3722942,38.48950122,WGS84,1670369
188,1.2,SWBD,-122.128467,38.36386738,WGS84,2785421
189,1.1,SWBD,-120.8785222,38.30746032,WGS84,17058296
190,8.2,SWBD,-120.8371795,38.26794675,WGS84,17058366
191,28.1,SWBD,-120.9669952,38.22422893,WGS84,3960249
192,1.8,SWBD,-120.0630054,38.21283122,WGS84,345043
193,14.8,SWBD,-120.7868585,38.16083015,WGS84,17068294
194,0.7,SWBD,-122.775306,38.1484811,WGS84,5329847
195,3.2,SWBD,-122.7389839,38.08330125,WGS84,5329857
196,4.5,SWBD,-120.7529152,38.03463766,WGS84,2818894
197,0.3,SWBD,-122.7009076,37.9916427,WGS84,5330739
198,43.2,SWBD,-120.509181,37.99147243,WGS84,349803
199,0.4,SWBD,-120.4463835,37.94741986,WGS84,17078055
200,2.1,SWBD,-122.2451503,37.92947286,WGS84,1671841
201,0.7,McGill,-122.6282901,37.94829997,WGS84,948050164
202,2,SWBD,-122.1993851,37.92355389,WGS84,1671843
203,7,SWBD,-120.9165874,37.90638962,WGS84,2825782
204,3.2,SWBD,-120.5876989,37.89479712,WGS84,349887
205,5.5,SWBD,-120.8618827,37.85261991,WGS84,2826152
206,9.4,SWBD,-121.5754834,37.83916494,WGS84,1894476
207,5.3,SWBD,-121.7377817,37.82010343,WGS84,1894438
208,1.4,SWBD,-122.1102625,37.77628473,WGS84,948050148
209,0.8,SWBD,-122.1099679,37.7271563,WGS84,2805075
211,6.2,SWBD,-120.663124,37.66985427,WGS84,2826236
212,7.9,SWBD,-120.5723929,37.6099883,WGS84,2826394
213,2.5,SWBD,-121.7219898,37.59913247,WGS84,2808649
214,19.3,SWBD,-120.2515658,37.63174649,WGS84,21608549
215,1.6,SWBD,-122.4258856,37.59573986,WGS84,24571710
216,2.8,SWBD,-121.8288214,37.57975511,WGS84,2808651
217,3.7,SWBD,-122.3518581,37.51173882,WGS84,948050066
218,0.7,SWBD,-120.2976963,37.5204421,WGS84,21608729
219,5.2,SWBD,-121.8186133,37.47112107,WGS84,2811101
221,1.1,SWBD,-121.7798265,37.18263285,WGS84,17695927
222,3.9,SWBD,-121.6208409,37.17196289,WGS84,17695821
223,1.8,SWBD,-121.5392917,37.09659897,WGS84,17695829
224,0.4,SWBD,-122.0662286,37.11186402,WGS84,17682712
225,8.7,SWBD,-121.049146,37.08047548,WGS84,19770077
226,48.8,SWBD,-121.1204483,37.0580265,WGS84,16596591
227,0.9,SWBD,-121.7004679,37.07349032,WGS84,948060246
228,1.5,SWBD,-120.9445339,36.98507574,WGS84,16610547
229,1.7,SWBD,-120.8256111,36.38630269,WGS84,17673667
230,18.4,SWBD,-120.9642301,35.84288241,WGS84,8212917
231,15.9,SWBD,-120.9442969,35.7433568,WGS84,8212939
232,2,SWBD,-120.8743919,35.45555592,WGS84,8193833
233,1.8,SWBD,-120.4788254,35.32885351,WGS84,8214375
234,2.4,SWBD,-120.4769826,35.19664177,WGS84,8193713
289,2,McGill,-117.5946492,49.00042377,WGS84,23031644
290,0.9,SWBD,-117.3470249,48.97954676,WGS84,22994711
291,22.5,SWBD,-119.4370266,48.97763368,WGS84,23065359
292,3.9,SWBD,-113.570015,48.8179893,WGS84,9306654
293,11.3,SWBD,-109.9826157,48.64767755,WGS84,24584985
294,1.4,SWBD,-119.7509669,48.54492799,WGS84,23065221
295,14,SWBD,-107.55988,48.50039548,WGS84,12328481
296,2.9,SWBD,-113.2949907,48.50242947,WGS84,12535500
297,97.9,SWBD,-115.2423232,48.72413979,WGS84,22878497
298,2.7,SWBD,-112.7101549,48.35034553,WGS84,12539968
299,75.3,SWBD,-113.8005709,48.20270588,WGS84,22966888
300,65.2,SWBD,-111.2603057,48.34791065,WGS84,12643991
301,17.9,SWBD,-112.2639452,48.28648212,WGS84,12641877
302,7,SWBD,-118.3843329,48.27419161,WGS84,23034256
303,0.5,SWBD,-117.2940144,48.22412132,WGS84,22996943
304,11,SWBD,-114.6097561,48.20377065,WGS84,24338892
305,360.3,SWBD,-116.4372863,48.15663988,WGS84,24116177
306,0.9,SWBD,-112.8806146,48.15481069,WGS84,12540012
307,814.2,SWBD,-106.8013123,47.77124333,WGS84,12356443
308,11.8,SWBD,-112.4344447,47.94565648,WGS84,12744933
309,23.1,SWBD,-115.6760528,47.89354595,WGS84,22978550
310,269.2,SWBD,-118.3635999,48.14612271,WGS84,23033700
311,106.6,SWBD,-119.1913273,47.80646649,WGS84,23095922
312,1.6,SWBD,-114.7369031,47.94117963,WGS84,24356949
313,18.8,SWBD,-117.7055193,47.83773446,WGS84,23021770
314,4.5,SWBD,-117.1004832,47.77706334,WGS84,23015056
315,125.5,SWBD,-116.7964527,47.5322972,WGS84,24379111
316,486.6,SWBD,-114.1333031,47.88638607,WGS84,24338670
317,6,SWBD,-112.471224,47.68226359,WGS84,12395098
318,3.1,SWBD,-114.1536385,47.63640866,WGS84,24356529
319,3.9,SWBD,-112.7976646,47.60615501,WGS84,12395594
320,5.5,SWBD,-112.4487532,47.55746746,WGS84,12395644
321,0.9,SWBD,-114.216983,47.50406022,WGS84,24356419
322,2.1,SWBD,-112.5354406,47.47856917,WGS84,12401730
323,3.5,SWBD,-119.2536914,47.47580358,WGS84,23096846
324,4.2,SWBD,-114.118895,47.44232642,WGS84,24359325
325,0.5,SWBD,-113.9235494,47.26155672,WGS84,24356239
326,3.6,SWBD,-108.5497364,47.12001851,WGS84,12730765
327,23.3,SWBD,-119.3399814,47.13354113,WGS84,24406181
328,19.1,SWBD,-111.9578243,46.91848764,WGS84,3024728
329,60.7,SWBD,-119.3447104,47.01246456,WGS84,947020401
330,1.3,SWBD,-108.2501577,46.94054943,WGS84,12599323
331,1.3,SWBD,-112.7947268,46.79475089,WGS84,22912404
332,11.8,SWBD,-111.8338831,46.70100513,WGS84,3023074
333,1.4,SWBD,-119.0327071,46.70795194,WGS84,24416552
334,7.7,SWBD,-111.9318686,46.69622997,WGS84,3024920
335,0.3,SWBD,-119.0237758,46.67864093,WGS84,24416560
336,0.8,SWBD,-110.9261908,46.64050909,WGS84,12421531
337,0.7,SWBD,-110.7386842,46.62422577,WGS84,12422107
338,52,SWBD,-116.130579,46.65169936,WGS84,23630748
339,3.1,SWBD,-110.2783064,46.44294844,WGS84,12619330
340,6.9,SWBD,-109.4247325,46.34355374,WGS84,24675858
341,10.3,SWBD,-113.2919996,46.18522647,WGS84,24310411
342,0.9,SWBD,-113.2299778,46.16646374,WGS84,24297020
343,1.9,SWBD,-112.7805472,46.15243842,WGS84,24293886
344,1.2,SWBD,-113.3745137,46.11860927,WGS84,24310157
345,3.1,SWBD,-114.2608092,46.0545689,WGS84,24320048
346,3.4,SWBD,-119.1546197,45.86234387,WGS84,23648768
347,1.4,SWBD,-114.2915991,45.70344292,WGS84,24320370
348,1.3,SWBD,-111.7036607,45.69582927,WGS84,4320016
349,3.7,SWBD,-119.8128742,45.6840269,WGS84,24233486
350,2.5,SWBD,-118.7859562,45.59297186,WGS84,23648274
351,2.5,SWBD,-109.2212697,45.44431354,WGS84,4265566
352,13.5,SWBD,-111.6808952,45.43203735,WGS84,3056186
353,0.4,SWBD,-119.5381424,45.34413167,WGS84,23659590
354,6.2,SWBD,-117.2093663,45.30974081,WGS84,23437443
355,11,SWBD,-108.0448922,45.25579808,WGS84,12808078
356,2.8,SWBD,-112.1255996,45.22189832,WGS84,241454
357,1.1,SWBD,-109.7813968,45.22278114,WGS84,7186928
358,2.5,SWBD,-107.6070949,45.15801281,WGS84,12771363
359,8.5,SWBD,-106.7911132,45.08971002,WGS84,5334895
360,0.6,SWBD,-118.0245194,45.05669836,WGS84,24208057
361,2.7,SWBD,-117.7977508,45.0250725,WGS84,24208615
362,18,SWBD,-112.8723621,44.96970553,WGS84,4170598
363,4.5,SWBD,-116.8533417,44.91186904,WGS84,24192786
364,48.1,SWBD,-111.2340601,44.78163988,WGS84,3060130
365,43.6,SWBD,-117.0949327,44.64374001,WGS84,24192874
366,2.3,SWBD,-111.3950957,44.84665173,WGS84,3059998
367,5.3,SWBD,-118.042711,44.67985037,WGS84,24208381
368,14.3,SWBD,-112.2754079,44.6325599,WGS84,4170662
369,1.1,SWBD,-107.2143967,44.56292485,WGS84,5337035
370,94.8,SWBD,-116.0970125,44.59374008,WGS84,24177119
371,12.7,SWBD,-106.7518592,44.47851733,WGS84,5378706
372,3.3,SWBD,-118.1998294,44.50687152,WGS84,24200229
373,25.7,SWBD,-109.233097,44.48106199,WGS84,12795817
374,29.1,SWBD,-111.5083302,44.40657596,WGS84,947040103
375,0.6,SWBD,-116.9010116,44.39710793,WGS84,24184746
376,2.7,SWBD,-117.6983607,44.36471805,WGS84,24154570
377,10.8,SWBD,-115.6629979,44.30913187,WGS84,24160149
378,1.1,SWBD,-110.8074476,44.12715984,WGS84,23143773
379,3.5,SWBD,-108.987771,44.08585491,WGS84,12817335
380,1.4,SWBD,-111.485916,44.09812832,WGS84,24459614
381,4.2,SWBD,-109.0628766,44.04973335,WGS84,12813663
382,2.4,SWBD,-117.4154088,44.02712436,WGS84,24150403
383,5.8,SWBD,-118.1549418,43.92931276,WGS84,23412941
384,106.1,SWBD,-110.6732646,43.89880166,WGS84,23123497
385,0.7,SWBD,-108.8334605,43.66370769,WGS84,12845304
386,40.5,SWBD,-117.3311711,43.4818375,WGS84,24542789
387,8.8,SWBD,-115.8491438,43.60028309,WGS84,23386211
388,12.9,SWBD,-118.235749,43.6154043,WGS84,23413309
389,27.8,SWBD,-116.6765098,43.55674549,WGS84,947050161
390,4,SWBD,-111.739965,43.52817586,WGS84,23148394
391,5.7,SWBD,-116.0042527,43.55679788,WGS84,23382129
392,1.8,SWBD,-114.0370895,43.44199396,WGS84,23267040
393,74.4,SWBD,-108.1839156,43.31872225,WGS84,12871249
394,15.9,SWBD,-115.3482032,43.41250866,WGS84,23389293
395,3.4,SWBD,-115.3812655,43.33738481,WGS84,23386397
396,59.6,SWBD,-111.1116657,43.23826804,WGS84,24439078
397,12.5,SWBD,-114.3796786,43.2853572,WGS84,947040095
398,10.9,SWBD,-109.106455,43.19210669,WGS84,12901142
399,3,SWBD,-108.7732968,43.20721649,WGS84,12870523
400,5,SWBD,-109.9446612,43.09654872,WGS84,18325230
401,1.5,SWBD,-106.7073321,43.01947889,WGS84,22102029
402,66.7,SWBD,-111.6084933,42.91406477,WGS84,24479219
403,7,SWBD,-109.8724254,43.00341481,WGS84,24708496
404,1.8,SWBD,-108.8296565,42.95430339,WGS84,12890839
405,25.1,SWBD,-115.8872117,42.94820579,WGS84,23276696
406,1.4,SWBD,-117.228371,42.89999491,WGS84,23360175
407,19.6,SWBD,-109.8038763,42.95285537,WGS84,18331882
408,2.6,SWBD,-114.9310867,42.79578746,WGS84,24490790
409,6.8,SWBD,-109.6642962,42.8462161,WGS84,18332136
410,2,SWBD,-109.0234576,42.78196872,WGS84,12881858
411,199.3,SWBD,-112.7430597,42.92626421,WGS84,24558047
412,1.4,SWBD,-105.6110704,42.70619256,WGS84,22108699
413,30.5,SWBD,-113.3916457,42.66911206,WGS84,23162809
414,4.1,SWBD,-111.6531631,42.65064129,WGS84,4469005
415,8.1,SWBD,-106.7477296,42.53036194,WGS84,22107811
416,75.1,SWBD,-106.9255781,42.42189483,WGS84,15976282
417,28.7,SWBD,-119.8522286,42.40242336,WGS84,24043063
418,1.4,SWBD,-111.7302074,42.29094426,WGS84,4561018
419,6.7,SWBD,-109.4330577,42.26976626,WGS84,18303132
420,3.1,SWBD,-109.3672201,42.22598931,WGS84,18303156
421,57.2,SWBD,-106.843604,42.04573737,WGS84,15976436
422,1,SWBD,-119.8187743,42.12593383,WGS84,24043435
423,31.3,SWBD,-110.1239681,42.08053014,WGS84,18355209
424,1.4,SWBD,-105.0365123,41.99891165,WGS84,17482561
425,4.7,SWBD,-110.6632978,41.98651793,WGS84,3194448
426,13.1,SWBD,-105.7136144,41.87741971,WGS84,17485305
427,10,SWBD,-111.9601923,41.79477395,WGS84,4564522
428,22.6,SWBD,-105.6077109,41.85337156,WGS84,17485383
429,1.4,SWBD,-109.8698115,41.73883363,WGS84,NA
430,10,SWBD,-115.8065171,41.66511186,WGS84,23320160
431,1.5,SWBD,-111.8593287,41.61952189,WGS84,666226
432,0.5,SWBD,-111.7374284,41.51882983,WGS84,666230
433,8.7,SWBD,-111.0168199,41.47417891,WGS84,7884392
434,2.3,SWBD,-105.8945294,41.47247302,WGS84,940180075
435,0.9,SWBD,-115.8993438,41.40196408,WGS84,10762201
436,3.1,SWBD,-117.1766716,41.41339796,WGS84,11139144
437,39.4,SWBD,-112.0891917,41.37810761,WGS84,10272620
438,9.7,SWBD,-111.8001765,41.26816109,WGS84,10275986
439,7.8,SWBD,-105.9276072,41.24290245,WGS84,17496009
440,0.6,SWBD,-117.2227083,41.2382589,WGS84,11199040
441,2.7,SWBD,-106.2562441,41.20652898,WGS84,15985399
442,1.1,SWBD,-111.388631,41.19282012,WGS84,10090800
443,1.8,SWBD,-110.8229433,41.15155024,WGS84,7885926
444,2,SWBD,-106.8753822,41.03294267,WGS84,15985481
445,1.5,SWBD,-110.582626,41.01458786,WGS84,3197116
446,2.1,McGill,-116.3581501,41.00444792,WGS84,11200438
447,0.5,SWBD,-116.3445036,40.98486718,WGS84,11205386
448,0.7,SWBD,-110.3909473,40.98173203,WGS84,3199106
449,4.8,SWBD,-111.4104108,40.94772684,WGS84,10093140
450,2.1,SWBD,-111.5900913,40.9088817,WGS84,10277322
452,0.7,SWBD,-109.8664103,40.90749603,WGS84,10039192
453,0.5,SWBD,-112.7066835,40.91016929,WGS84,946020031
454,1.9,SWBD,-105.028881,40.85454526,WGS84,2898315
455,4,SWBD,-106.9644491,40.79618268,WGS84,1354438
456,3.5,SWBD,-111.3958902,40.77233531,WGS84,10093180
457,0.7,SWBD,-111.6949307,40.77290987,WGS84,10389394
458,0.6,SWBD,-111.1033102,40.75668404,WGS84,10093200
459,1.2,SWBD,-116.1992999,40.7532436,WGS84,10782608
460,1.8,SWBD,-105.0818674,40.70191605,WGS84,2900879
461,6.3,SWBD,-115.76205589999999,40.67104638,WGS84,10751217
462,1.5,SWBD,-105.0373929,40.68139837,WGS84,2900119
463,1.2,SWBD,-105.0502263,40.66039462,WGS84,2900119
464,7.4,SWBD,-118.2778547,40.65213894,WGS84,11153143
465,1.9,SWBD,-105.0794398,40.62741385,WGS84,2899859
466,1,SWBD,-105.8529932,40.60448517,WGS84,2900899
467,10.6,SWBD,-111.4095727,40.6186786,WGS84,10374260
468,6.4,SWBD,-105.1590967,40.55784099,WGS84,2900943
469,1.4,SWBD,-109.4292813,40.57860964,WGS84,1392835
470,0.5,SWBD,-110.7002743,40.56503257,WGS84,11976149
471,3.1,SWBD,-110.5038535,40.57817957,WGS84,11977043
472,1.6,SWBD,-107.3757046,40.57223493,WGS84,1353068
473,2.6,SWBD,-109.5328955,40.51617074,WGS84,1393741
474,1.2,SWBD,-105.7860219,40.49940907,WGS84,2902871
476,5.9,SWBD,-105.0332397,40.43380316,WGS84,940190086
477,9.6,SWBD,-111.493874,40.44238011,WGS84,10376618
478,1.8,SWBD,-105.0873635,40.41233622,WGS84,13648
479,362.2,SWBD,-111.8245241,40.20957557,WGS84,10329139
480,2.1,SWBD,-105.1269093,40.33769906,WGS84,13716
481,4.2,SWBD,-105.217877,40.33526587,WGS84,13776
482,1.3,SWBD,-110.2259134,40.30140162,WGS84,11983765
483,1.7,SWBD,-109.8838887,40.28626688,WGS84,11986455
484,2.9,SWBD,-106.8551301,40.27819689,WGS84,1357620
485,0.3,SWBD,-116.6963543,40.26580559,WGS84,11210104
486,0.7,SWBD,-105.3762639,40.21808664,WGS84,2889724
487,5.1,SWBD,-105.8427289,40.22722567,WGS84,1234537
488,11.2,SWBD,-110.4643685,40.19166122,WGS84,11967777
489,4.7,SWBD,-109.6819547,40.19253155,WGS84,1373704
490,2.7,SWBD,-105.0390146,40.1821398,WGS84,2888794
491,1.1,SWBD,-105.959434,40.14874292,WGS84,1234569
492,24.7,SWBD,-105.8491599,40.15439473,WGS84,1234573
493,61.1,SWBD,-111.1242352,40.17149732,WGS84,944060036
494,1.5,SWBD,-108.7109131,40.12181848,WGS84,5307966
495,2.9,SWBD,-105.2224965,40.07953165,WGS84,2889776
496,0.7,SWBD,-107.0551034,40.05231016,WGS84,1356520
497,5.3,SWBD,-106.2107443,40.0155202,WGS84,1232999
498,2.2,SWBD,-105.194506,40.02496506,WGS84,2889816
499,0.4,SWBD,-105.4909302,39.96546868,WGS84,2891620
500,1.2,SWBD,-105.3691832,39.94692046,WGS84,2891632
501,1.3,SWBD,-105.2126998,39.94622933,WGS84,2891248
502,6.6,SWBD,-106.2877561,39.87259703,WGS84,1313299
503,6.6,SWBD,-111.8659272,39.85780277,WGS84,946020420
504,4.9,SWBD,-105.1244307,39.86412066,WGS84,228773
505,0.4,SWBD,-105.2464103,39.82834229,WGS84,2885616
506,10,SWBD,-111.1513832,39.7742212,WGS84,3907387
507,1.4,SWBD,-107.7568556,39.63179586,WGS84,3175950
508,2.3,SWBD,-105.0679232,39.62952802,WGS84,188631
509,12.3,SWBD,-106.0588648,39.60147745,WGS84,1313407
510,1,SWBD,-111.2235396,39.61448374,WGS84,4876055
511,5.2,SWBD,-105.0686081,39.54477619,WGS84,188749
512,1.6,SWBD,-118.5026662,39.51593674,WGS84,NA
513,2.7,SWBD,-112.341518,39.46258759,WGS84,1200084
514,29.2,SWBD,-119.1266374,39.40428891,WGS84,946050162
515,37.5,SWBD,-111.9346636,39.30635969,WGS84,946030163
516,1.2,SWBD,-106.4680532,39.35808158,WGS84,1321114
517,3,SWBD,-106.7885812,39.36319118,WGS84,1327503
518,3.9,SWBD,-111.2792527,39.29268366,WGS84,4877539
519,6.4,SWBD,-106.3823426,39.26924567,WGS84,916977
520,2,SWBD,-115.0484742,39.22934921,WGS84,20633126
521,2.6,SWBD,-107.7967885,39.22308881,WGS84,3181278
522,2.7,SWBD,-105.2836549,39.19526804,WGS84,191361
523,5.2,SWBD,-111.6995633,39.23559168,WGS84,5303249
524,1.5,SWBD,-119.9015259,39.17337621,WGS84,8942951
525,4.1,SWBD,-112.0514053,39.10368751,WGS84,1202194
526,1.2,SWBD,-111.1966841,39.09984269,WGS84,4877559
527,2,SWBD,-118.8790335,39.05782316,WGS84,10737663
528,1.3,SWBD,-106.2568528,39.01975005,WGS84,916933
529,9.1,SWBD,-105.9156687,38.98709034,WGS84,5242020
530,6.1,SWBD,-105.6413248,38.98203015,WGS84,940190124
531,0.8,SWBD,-107.3417103,38.95763532,WGS84,1338026
532,0.8,SWBD,-105.0643957,38.92611358,WGS84,1529141
533,12.4,SWBD,-105.5204436,38.93118216,WGS84,5242098
534,1.2,SWBD,-114.0133163,38.88523899,WGS84,10409596
535,0.9,SWBD,-119.7349288,38.84178619,WGS84,8922271
536,5.8,SWBD,-106.5823519,38.83515063,WGS84,1333592
537,1.2,SWBD,-107.601041,38.68351352,WGS84,3252185
538,0.4,SWBD,-117.1197557,38.6817995,WGS84,10696177
539,2.6,SWBD,-111.6442601,38.60989394,WGS84,4900175
540,0.6,SWBD,-107.5815862,38.60376998,WGS84,3252199
541,30.2,SWBD,-107.2150974,38.47261671,WGS84,3254113
542,2,SWBD,-107.4981056,38.44620435,WGS84,3254131
543,0.9,McGill,-117.4659053,38.42216251,WGS84,19874584
544,4,SWBD,-119.977081,38.40131621,WGS84,347585
545,1.3,SWBD,-119.9424175,38.33754925,WGS84,347607
546,9.3,SWBD,-119.2301938,38.28886045,WGS84,8915973
547,8.2,SWBD,-112.2022021,38.28821693,WGS84,10815954
548,0.8,McGill,-119.7382498,38.27032621,WGS84,347635
549,0.8,SWBD,-107.5380388,38.22360703,WGS84,3254241
550,2.8,SWBD,-112.8201885,38.23222554,WGS84,1216207
551,0.7,SWBD,-119.9827046,38.19586739,WGS84,347651
552,6.7,SWBD,-111.9934278,38.19648064,WGS84,10806695
553,1.1,SWBD,-108.2504681,38.0300065,WGS84,18375346
554,6.7,SWBD,-119.906847,38.0007011,WGS84,17077297
555,4,SWBD,-119.8582908,37.98620907,WGS84,17082189
556,0.8,SWBD,-119.2748633,37.97367009,WGS84,20289824
557,6.8,SWBD,-119.7413755,37.94766765,WGS84,17082215
558,1.8,SWBD,-107.2269486,37.87459396,WGS84,17905789
559,3.9,SWBD,-119.1116874,37.83991789,WGS84,20289830
560,1.8,SWBD,-107.0862896,37.79459257,WGS84,24604493
561,2.3,SWBD,-108.2973433,37.79725591,WGS84,18385011
562,0.6,SWBD,-119.1533787,37.75159957,WGS84,20287678
563,4.1,SWBD,-112.6418876,37.71593094,WGS84,10819264
564,2.6,SWBD,-107.3032937,37.72951495,WGS84,17906047
565,0.5,SWBD,-109.4418363,37.66778085,WGS84,1399032
566,16,SWBD,-118.7412888,37.61018879,WGS84,20275193
567,14.8,SWBD,-108.550198,37.52254353,WGS84,18384595
568,2.7,SWBD,-107.8059635,37.5673213,WGS84,17014249
569,0.9,SWBD,-113.8680953,37.51719548,WGS84,14598281
570,1.3,SWBD,-107.2216945,37.5124434,WGS84,17029412
571,2.2,SWBD,-108.6244197,37.49140704,WGS84,3263045
572,0.7,SWBD,-108.271392,37.40391039,WGS84,16963977
573,0.7,SWBD,-105.3856469,37.39402795,WGS84,17900453
574,2.3,SWBD,-107.664247,37.4030349,WGS84,17015273
575,9.8,SWBD,-107.5519113,37.40038513,WGS84,17034967
576,6.7,SWBD,-118.9775435,37.38178675,WGS84,17119229
577,0.8,SWBD,-106.2968101,37.36431527,WGS84,17898889
578,3.1,SWBD,-106.572617,37.33273883,WGS84,17876245
579,2.7,SWBD,-119.3124582,37.34595572,WGS84,17116321
580,3.8,SWBD,-119.5509071,37.31151021,WGS84,17116307
581,1.9,SWBD,-118.9580427,37.2600986,WGS84,17129879
582,0.7,SWBD,-113.7751994,37.25840873,WGS84,10025206
583,3.2,SWBD,-106.3534928,37.26758714,WGS84,17898891
584,4.8,SWBD,-119.198197,37.23973676,WGS84,17116551
585,5.3,SWBD,-119.9731992,37.22982733,WGS84,17100121
586,0.5,SWBD,-118.6196395,37.20544386,WGS84,20277965
587,2.3,SWBD,-113.3878215,37.18693787,WGS84,10024052
588,0.3,SWBD,-118.569939,37.16680782,WGS84,20278001
589,1.2,SWBD,-119.4355009,37.15147446,WGS84,17116403
590,7.8,SWBD,-119.2904369,37.12618829,WGS84,17116437
591,4,SWBD,-105.4143409,37.09296072,WGS84,17900465
592,3.7,SWBD,-119.8783805,37.12271511,WGS84,17101075
593,3.9,SWBD,-118.9742921,37.09935005,WGS84,22049573
594,2.6,SWBD,-118.2207738,37.06018555,WGS84,163864514
595,15.8,SWBD,-119.6630524,37.019004,WGS84,17116473
596,2.2,SWBD,-118.9653717,37.01385999,WGS84,22049659
597,120.7,SWBD,-111.3855428,37.0173788,WGS84,3528021
598,0.2,SWBD,-119.6644978,36.87931168,WGS84,17141526
599,1.3,SWBD,-105.2692231,36.88582464,WGS84,17863378
600,15.4,SWBD,-119.2883381,36.86758074,WGS84,22063173
601,52.1,SWBD,-107.4941419,36.9182143,WGS84,17040199
602,1.4,SWBD,-106.8769063,36.71760726,WGS84,17844598
603,23.1,SWBD,-106.6969952,36.69298892,WGS84,17844602
604,11.2,SWBD,-106.7513514,36.62217434,WGS84,17844616
605,3.6,SWBD,-118.9809865,36.40622433,WGS84,14922807
606,15.7,SWBD,-106.4725098,36.26654489,WGS84,17848740
607,2.9,SWBD,-117.9490403,36.15499255,WGS84,20268939
608,1.1,SWBD,-114.9169789,36.11587515,WGS84,22071068
609,3.6,SWBD,-118.9127325,36.07505429,WGS84,14931005
610,581,SWBD,-114.4327304,36.17312155,WGS84,25138800
611,3.8,SWBD,-105.2413419,35.66709312,WGS84,20815242
612,23.8,SWBD,-118.4343418,35.66743383,WGS84,14966245
613,4.3,SWBD,-106.3128507,35.63637348,WGS84,17833758
614,4.3,SWBD,-106.5694217,35.39771735,WGS84,17828456
615,0.5,SWBD,-119.2980906,35.2339438,WGS84,NA
616,98.6,SWBD,-114.6404371,35.44096055,WGS84,945030298
617,2.3,SWBD,-111.4920308,35.06023006,WGS84,20525547
618,1.1,SWBD,-110.2871064,34.93323569,WGS84,21746307
619,4.4,SWBD,-118.7749559,34.65698269,WGS84,17572371
620,9.5,SWBD,-119.9436392,34.57856779,WGS84,17611501
621,2,SWBD,-118.3816497,34.58339861,WGS84,17572425
622,1.3,SWBD,-118.6375337,34.57169471,WGS84,17572387
623,0.9,McGill,-111.1936102,34.54981287,WGS84,21746003
624,7.3,SWBD,-118.6046646,34.53598749,WGS84,17572435
625,3.6,SWBD,-118.7530125,34.47927429,WGS84,17575763
626,8.8,SWBD,-119.3424857,34.39153101,WGS84,17587662
627,2.7,SWBD,-109.3665554,34.36137354,WGS84,20585864
628,0.7,SWBD,-118.4834408,34.2985802,WGS84,22515724
629,60.8,SWBD,-114.2994212,34.42609797,WGS84,21439419
630,1.4,SWBD,-114.2295679,34.2866333,WGS84,9998134
631,2.3,SWBD,-117.1847489,34.25898166,WGS84,22660213
632,10.4,SWBD,-116.9282934,34.25315116,WGS84,22559762
633,0.7,SWBD,-118.8254198,34.2382767,WGS84,17564930
634,0.3,SWBD,-117.8591272,34.21143092,WGS84,22524797
635,1,SWBD,-117.8715343,34.18277274,WGS84,22524817
636,0.5,SWBD,-118.5138056,34.14500231,WGS84,22515812
637,0.4,SWBD,-118.8327439,34.12826833,WGS84,20365959
638,0.4,SWBD,-118.4543467,34.11076712,WGS84,20366289
639,0.8,SWBD,-117.80424,34.08699155,WGS84,22524849
640,1.4,SWBD,-111.7208453,33.9920538,WGS84,20440734
641,1.8,SWBD,-109.4207636,33.87977339,WGS84,20495211
642,9.4,SWBD,-117.4363728,33.84060492,WGS84,22568190
643,8.5,SWBD,-117.1732939,33.85755708,WGS84,22534696
644,4.6,SWBD,-111.6219337,33.84715704,WGS84,20440780
645,0.6,SWBD,-117.7227282,33.78021761,WGS84,22568194
646,1.2,SWBD,-117.269263,33.68801867,WGS84,22534680
647,40.3,SWBD,-111.133186,33.69385197,WGS84,22439640
648,5.4,SWBD,-117.0461515,33.67673661,WGS84,22547063
649,1.5,SWBD,-116.692186,33.66616301,WGS84,22536172
650,9,SWBD,-111.2639138,33.5937736,WGS84,20477142
651,3.6,SWBD,-117.0552278,33.58861909,WGS84,22547117
652,4.1,SWBD,-111.5112247,33.5689469,WGS84,20478148
653,2.4,SWBD,-111.4287878,33.54672831,WGS84,20477384
654,2.5,SWBD,-116.9670488,33.48954107,WGS84,22550593
655,4,SWBD,-116.747678,33.23720651,WGS84,20346071
656,15.5,SWBD,-110.4679127,33.18996746,WGS84,21320443
657,110.4,SWBD,-107.1661781,33.30753201,WGS84,17727510
658,0.9,SWBD,-116.7831887,33.11187718,WGS84,20330940
659,2.9,SWBD,-117.1021746,33.05997437,WGS84,20329198
660,0.3,SWBD,-116.993064,33.02871472,WGS84,20330910
661,0.3,SWBD,-116.5809925,32.98731107,WGS84,20334716
662,4,SWBD,-116.9173297,32.92575032,WGS84,20334560
663,0.9,SWBD,-114.485372,32.9077055,WGS84,10004956
664,28.2,SWBD,-107.2895149,32.97659777,WGS84,3222895
665,3.6,SWBD,-116.786693,32.89537858,WGS84,20337544
666,0.6,SWBD,-116.8874556,32.857924680000004,WGS84,948070178
667,0.8,SWBD,-116.7775717,32.78615696,WGS84,20334622
668,2.8,SWBD,-116.990385,32.69647657,WGS84,20337548
670,1.9,SWBD,-116.6657955,32.6902411,WGS84,20326483
671,3.3,SWBD,-116.9233959,32.62671916,WGS84,20334654
674,1,SWBD,-105.7905833,31.22365454,WGS84,267783
727,4.7,SWBD,-100.3530893,48.98024748,WGS84,14156836
728,2.5,SWBD,-96.27494662,48.95454542,WGS84,7088585
729,16.7,SWBD,-102.1100448,48.83771995,WGS84,14181576
730,10.1,SWBD,-100.7019812,48.61570661,WGS84,939010191
732,21.3,SWBD,-101.5758811,48.53090688,WGS84,14046565
733,3.6,SWBD,-104.5668468,48.39033699,WGS84,3102455
735,13.7,SWBD,-99.17283716,48.30825731,WGS84,14294129
736,29.4,SWBD,-93.11120404,48.11362932,WGS84,7172182
737,46.5,SWBD,-92.90672651,48.06207421,WGS84,7140726
738,3.5,SWBD,-91.53120851,48.01320953,WGS84,7099009
739,9.9,SWBD,-91.73742992,47.95653621,WGS84,7111629
740,1141.6,SWBD,-94.91490729,48.03201036,WGS84,22195660
741,8.9,SWBD,-91.57046631,47.83863511,WGS84,7111895
742,7.4,SWBD,-93.38205448,47.83530414,WGS84,22239614
743,7,SWBD,-90.42435807,47.82335417,WGS84,4799196
744,25.7,SWBD,-91.84560765,47.75102318,WGS84,7112225
745,3.5,SWBD,-95.19017098,47.73445973,WGS84,7057857
746,5.4,SWBD,-96.15900225,47.65930687,WGS84,7053853
747,6.8,McGill,-93.05063745,47.67992183,WGS84,7177362
748,0.2,SWBD,-91.06898099,47.6575919,WGS84,4803060
749,24.4,McGill,-92.64988015,47.5958905,WGS84,7174338
750,9.4,SWBD,-94.86741316,47.60791801,WGS84,22323315
751,2.5,SWBD,-93.41544696,47.53164612,WGS84,4832142
752,9.4,McGill,-92.98405276,47.50838742,WGS84,7175078
753,1126.8,SWBD,-102.2717601,47.76571848,WGS84,21540384
754,4.3,SWBD,-92.174875170000007,47.50332764,WGS84,1783682
755,4,SWBD,-92.6553013,47.48390515,WGS84,1771836
756,2.7,SWBD,-92.35397979,47.4724378,WGS84,1771842
757,2.8,SWBD,-92.48063443,47.45064101,WGS84,1772256
758,248.3,SWBD,-94.19368843,47.44514111,WGS84,22328077
759,8.3,SWBD,-93.5225636,47.42181966,WGS84,4836590
760,4.8,SWBD,-93.68960683,47.39723163,WGS84,22326419
761,0.9,SWBD,-95.31684201,47.37639507,WGS84,7030581
762,0.6,SWBD,-93.50116374,47.28872943,WGS84,4836738
764,5.3,SWBD,-93.96436288,47.25643395,WGS84,4817031
765,0.1,SWBD,-91.64082322,47.26347898,WGS84,1755616
766,6.4,SWBD,-98.8379565,47.28910429,WGS84,12576242
767,412.6,SWBD,-94.40609628,47.16113174,WGS84,4819677
768,1.7,SWBD,-93.56022757,47.23468005,WGS84,4836786
769,7.9,SWBD,-95.75509062,47.12737199,WGS84,939021203
770,2.1,SWBD,-101.2198474,47.07552595,WGS84,14519735
771,5.4,SWBD,-93.48550255,47.06012802,WGS84,4836910
772,6.6,SWBD,-95.53667516,47.07611883,WGS84,939021361
773,11.2,SWBD,-92.17323149,47.06400545,WGS84,1792567
774,19.8,SWBD,-98.01266287,47.15754267,WGS84,14269244
775,31.6,SWBD,-92.18164881,47.01695312,WGS84,1792593
776,8,SWBD,-95.05260746,47.00210507,WGS84,4940641
777,3,SWBD,-98.78716059,46.96926405,WGS84,11505168
778,10.7,SWBD,-92.26358779,46.94514666,WGS84,1793711
779,1.8,SWBD,-94.79560547,46.95902768,WGS84,4943017
780,7.4,SWBD,-98.72811724,46.99968569,WGS84,12577634
781,2.8,SWBD,-94.30490374,46.90848146,WGS84,4824089
782,15.1,SWBD,-95.60620247,46.89108449,WGS84,6657017
783,2.3,SWBD,-94.02682788,46.88131476,WGS84,4622086
784,1.8,SWBD,-102.8492416,46.86179447,WGS84,16237449
785,2.3,SWBD,-94.85710682,46.86148326,WGS84,4943029
786,7.2,SWBD,-94.99881347,46.89171966,WGS84,4946133
787,3.4,SWBD,-94.424337,46.85421136,WGS84,4622390
788,6.2,SWBD,-94.53308399,46.82324603,WGS84,4622116
789,29.8,SWBD,-93.29377388,46.7563818,WGS84,4841864
790,7.2,SWBD,-95.89725321,46.74239152,WGS84,6657087
791,16.4,SWBD,-96.02196362,46.69981833,WGS84,6654399
792,51.3,SWBD,-94.19927281,46.68839878,WGS84,4622310
793,4.6,SWBD,-95.75209242,46.6520525,WGS84,6656573
794,0.1,SWBD,-94.16875405,46.63010737,WGS84,4622236
795,8.2,SWBD,-95.55650367,46.63448546,WGS84,6657139
796,14.4,SWBD,-96.00671555,46.62887468,WGS84,909020751
797,34.6,SWBD,-94.1769557,46.57526516,WGS84,4622252
798,10.4,SWBD,-101.8753354,46.60925298,WGS84,16238023
799,3.5,SWBD,-96.07203172,46.60032642,WGS84,6654383
800,18.7,SWBD,-95.49536465,46.60911884,WGS84,6657219
801,1.6,SWBD,-94.32432892,46.5924972,WGS84,4943127
802,6.7,SWBD,-95.76203196,46.57754866,WGS84,909020574
803,21.1,SWBD,-95.52919683,46.48691077,WGS84,6659551
804,28.7,SWBD,-95.76158565,46.47511407,WGS84,6659559
805,12.9,SWBD,-90.22650899,46.39833807,WGS84,1815897
806,44.4,SWBD,-94.34826208,46.4547227,WGS84,4947431
807,3.2,SWBD,-93.91389478,46.39416937,WGS84,4857005
809,55.8,SWBD,-95.66110177,46.39913855,WGS84,6659707
810,4.9,SWBD,-95.65902806,46.34785614,WGS84,6659635
811,0.2,McGill,-91.28372028,46.35327854,WGS84,NA
812,3.9,SWBD,-93.85449646,46.30487235,WGS84,2361694
813,9.6,SWBD,-95.55723747,46.29110807,WGS84,6659649
814,4.9,SWBD,-94.08572868,46.28025739,WGS84,4858817
815,8.9,SWBD,-91.86844953,46.25617051,WGS84,2261707
816,12.1,SWBD,-91.09453577,46.21952118,WGS84,1850805
817,5.3,SWBD,-91.92830475,46.15287478,WGS84,1850843
819,10.5,SWBD,-91.46932875,46.09243139,WGS84,1850855
820,4.3,SWBD,-93.67362044,46.08272613,WGS84,2361796
821,2.5,SWBD,-95.58462736,46.072422950000004,WGS84,4412372
822,60.2,SWBD,-90.17982578,46.08023495,WGS84,13346290
823,6,SWBD,-91.0383329,46.02120401,WGS84,13119182
824,22.4,SWBD,-95.36846625,46.0409734,WGS84,4965191
825,0.3,SWBD,-97.36112022,46.01736087,WGS84,6675876
826,2.5,SWBD,-90.06391122,45.98429131,WGS84,12993015
827,8,SWBD,-103.2692412,45.98167947,WGS84,21850351
828,25.1,SWBD,-95.35879116,45.93557025,WGS84,937010810
829,4.8,SWBD,-93.29928874,45.97835997,WGS84,2640454
830,55.9,SWBD,-91.19486136,45.92911509,WGS84,13122736
831,4.6,SWBD,-95.52548521,45.87563692,WGS84,4967243
832,3.4,SWBD,-98.70040969,45.88237347,WGS84,11446205
833,0.3,McGill,-91.40709892,45.85396768,WGS84,13122852
834,8.3,SWBD,-94.74927054,45.7787993,WGS84,4980172
835,7,SWBD,-98.23472343,45.78940607,WGS84,11473908
836,42.6,SWBD,-96.73085194,45.70461413,WGS84,6641220
837,17.2,SWBD,-102.2575357,45.7429076,WGS84,16188478
838,8.2,SWBD,-94.93581552,45.78492624,WGS84,4980164
839,1.6,SWBD,-92.7324093,45.69630396,WGS84,2645296
840,13.2,SWBD,-91.69076582,45.70914365,WGS84,13080021
841,1.1,SWBD,-91.54333588,45.66970308,WGS84,13080061
842,5.2,SWBD,-91.822077,45.63015355,WGS84,13080103
843,8.6,SWBD,-91.5828509,45.60249642,WGS84,13080107
844,3.1,SWBD,-93.43980278,45.57335411,WGS84,2363906
845,2.4,SWBD,-98.61369405,45.55446519,WGS84,11473880
846,7.1,SWBD,-91.01539226,45.50856189,WGS84,13351494
847,7.4,SWBD,-92.42745649,45.46514189,WGS84,2649280
848,2.4,SWBD,-98.73714654,45.45595767,WGS84,12557086
849,3.4,McGill,-92.68231199,45.47187589,WGS84,2649288
850,11.6,SWBD,-91.65441582,45.33827076,WGS84,13083475
851,44.6,SWBD,-96.60746733,45.40750742,WGS84,4085834
852,3,SWBD,-94.06492947,45.26936364,WGS84,2725175
853,3.7,SWBD,-94.96604353,45.26009231,WGS84,4253380
854,4.6,SWBD,-96.30444813,45.23330382,WGS84,4085956
855,11.5,SWBD,-91.13079297,45.26494344,WGS84,13125114
856,1.1,SWBD,-93.99644749,45.20818484,WGS84,4251066
857,6.1,SWBD,-94.84141463,45.18324314,WGS84,4253394
858,17.6,SWBD,-96.15173564,45.19672414,WGS84,4085990
859,3.9,SWBD,-93.01562378,45.11395638,WGS84,1100638
860,2.5,SWBD,-90.94352229,45.071491,WGS84,13103357
861,23.4,SWBD,-95.95877029,45.08634438,WGS84,4087330
862,10.1,SWBD,-94.93704908,44.99467331,WGS84,2355754
863,20.5,SWBD,-91.32087506,44.95312161,WGS84,13107131
864,1.1,SWBD,-91.89023176,44.95290264,WGS84,13085583
865,4,SWBD,-91.91227213,44.89225377,WGS84,13085601
866,1.8,SWBD,-91.49407488,44.82965566,WGS84,13107199
867,3.1,SWBD,-91.42096695,44.81462661,WGS84,13098512
868,28.9,SWBD,-103.7067526,44.73424051,WGS84,5454870
869,3.2,SWBD,-93.52361515,44.5902989,WGS84,2387362
870,1092.6,SWBD,-100.5220018,45.20429504,WGS84,14497212
871,3.2,SWBD,-90.70608277,44.42570315,WGS84,13137881
872,15,SWBD,-104.8233135,44.36200829,WGS84,10904541
873,25.6,SWBD,-94.25545615,44.30697701,WGS84,937020666
874,2.4,SWBD,-93.79238814,44.27689941,WGS84,937040193
875,5,SWBD,-93.60681106,44.23041944,WGS84,2033845
876,1.9,SWBD,-92.47525748,44.19005622,WGS84,2442426
877,8.4,SWBD,-93.69047384,44.1731085,WGS84,10596182
878,4.3,SWBD,-90.17516523,44.14668903,WGS84,14708072
879,6.2,SWBD,-94.61226027,44.14035873,WGS84,2423771
880,0.8,SWBD,-94.11139995,44.08572317,WGS84,2747410
881,14.7,SWBD,-95.69819081,44.1198955,WGS84,6580084
882,2.7,SWBD,-103.5045732,44.07491907,WGS84,17533759
883,92.7,SWBD,-89.96231508,44.13927088,WGS84,14705326
884,228.4,SWBD,-99.78416174,44.18616152,WGS84,11545328
885,1.4,SWBD,-103.8003185,44.01887851,WGS84,17533791
886,1.2,SWBD,-103.4679182,43.97365501,WGS84,14397532
887,0.4,SWBD,-93.34863905,43.89130589,WGS84,2034619
888,8,SWBD,-95.26715136,43.7736036,WGS84,6582226
889,2.3,SWBD,-98.04630435,43.75303375,WGS84,12664876
890,2.9,SWBD,-95.61787072,43.61511364,WGS84,14619014
891,10.3,SWBD,-93.31200363,43.62970003,WGS84,6559115
892,1.9,SWBD,-90.09250483,43.6064457,WGS84,13653606
893,16.3,SWBD,-103.4267178,43.30803924,WGS84,9557707
894,1.4,SWBD,-102.7267174,43.17427424,WGS84,16111385
895,84.8,SWBD,-97.65968536,42.84944616,WGS84,11761578
896,3.3,SWBD,-103.3051051,42.78666448,WGS84,16100921
897,9.3,SWBD,-100.9170647,42.60960127,WGS84,16025625
898,36,SWBD,-104.9846613,42.53369228,WGS84,22093159
899,3.6,SWBD,-103.0977856,42.45886032,WGS84,16068633
900,1.3,SWBD,-90.16532807,42.4297632,WGS84,13361636
901,6.8,SWBD,-104.8088647,42.3193262,WGS84,22095235
902,13.5,SWBD,-104.7412127,42.14718387,WGS84,940180144
903,2.2,SWBD,-103.6128212,41.98873917,WGS84,17510202
904,6.9,SWBD,-103.4929166,41.93278848,WGS84,17509158
905,18.1,SWBD,-99.2565472,41.86798914,WGS84,940210130
906,3.1,SWBD,-91.55190874,41.80036157,WGS84,17540717
907,13.4,SWBD,-91.58370049,41.78432542,WGS84,17540771
908,3.7,SWBD,-104.1848277,41.70934802,WGS84,17476609
909,3.6,SWBD,-94.40008303,41.71693498,WGS84,6621752
910,3,SWBD,-98.76126423,41.42560029,WGS84,17324219
911,59.1,SWBD,-93.09622683,41.41158538,WGS84,22254147
912,8.6,SWBD,-98.89972079,41.32063046,WGS84,17375714
913,109.3,SWBD,-101.816725,41.25083649,WGS84,17466912
914,12.4,SWBD,-101.1334886,41.10598288,WGS84,17431640
915,1.1,SWBD,-94.22079557,41.07986831,WGS84,5135427
916,2,SWBD,-94.26822459,41.07013984,WGS84,5135857
917,2,SWBD,-94.73144891,41.05877509,WGS84,2499425
918,6.1,SWBD,-100.7754279,41.03781802,WGS84,19060226
919,6.2,SWBD,-96.87106214,40.97346973,WGS84,17405917
920,1.5,SWBD,-100.4097781,40.9486176,WGS84,167247019
921,2.1,SWBD,-90.13166756,40.9628562,WGS84,13585510
922,5.6,SWBD,-102.6514099,40.93202325,WGS84,3559178
923,0.8,SWBD,-95.88209234,40.92334766,WGS84,7312291
924,50.6,SWBD,-92.98333667,40.85989426,WGS84,5122470
925,9.7,SWBD,-103.2901881,40.77882617,WGS84,3556316
926,0.3,SWBD,-100.0360531,40.7790831,WGS84,7279079
927,2.8,SWBD,-93.77951749,40.77208139,WGS84,5136935
928,1.1,SWBD,-99.98014754,40.73304961,WGS84,7279111
929,8.4,SWBD,-99.85293168,40.69403526,WGS84,7264535
930,1.9,SWBD,-104.9655342,40.64246917,WGS84,2901769
931,2.7,SWBD,-99.86038616,40.62958617,WGS84,7264529
932,2.3,SWBD,-104.9607854,40.5490295,WGS84,2902397
933,3.1,SWBD,-104.8886527,40.53569519,WGS84,2902407
934,3,SWBD,-105.0097258,40.49065371,WGS84,2902879
935,8.2,SWBD,-103.3609516,40.42192948,WGS84,3561586
936,4.3,SWBD,-101.5415686,40.43165205,WGS84,19081473
937,10,SWBD,-104.0743386,40.39211039,WGS84,226785
938,5.5,SWBD,-100.2333935,40.40663435,WGS84,19063680
939,5,SWBD,-100.6921203,40.36623375,WGS84,19070301
940,8.4,McGill,-89.98897154,40.37937336,WGS84,13606898
941,15.1,SWBD,-104.26293510000001,40.33823877,WGS84,226603
942,1.6,SWBD,-92.62167833,40.28725035,WGS84,5125472
943,1.7,SWBD,-103.9757607,40.28505208,WGS84,227923
944,9.8,SWBD,-104.1639018,40.26857375,WGS84,225417
945,5.3,SWBD,-104.6414243,40.22753875,WGS84,226571
946,2,SWBD,-92.6445455,40.17704128,WGS84,5814777
947,15.6,SWBD,-101.1042852,40.1581105,WGS84,19093195
948,50,SWBD,-99.29007005,40.06329001,WGS84,19043625
949,3.6,SWBD,-104.5797078,39.99622718,WGS84,230679
950,7.8,SWBD,-104.7644486,39.94319769,WGS84,226571
951,1.8,SWBD,-94.06637616,39.92719734,WGS84,5109152
952,8.3,SWBD,-98.05993333,39.89639592,WGS84,19017749
954,1.3,SWBD,-92.27410585,39.78896288,WGS84,5641604
955,8.1,SWBD,-92.51529236,39.78944684,WGS84,4461526
956,12.8,SWBD,-99.16259022,39.65666989,WGS84,7347921
957,3.4,SWBD,-104.8558027,39.64034297,WGS84,233751
958,6.8,SWBD,-102.1942881,39.61577221,WGS84,11700182
959,3.2,SWBD,-104.6637327,39.61047316,WGS84,229951
960,16.2,SWBD,-92.63305601,39.60358674,WGS84,4461552
961,58.8,SWBD,-91.77068342,39.5055358,WGS84,4867763
962,36.6,SWBD,-98.37172055,39.49080317,WGS84,3537263
963,14.3,SWBD,-99.45479773,39.39275042,WGS84,5945303
964,24.6,SWBD,-94.52220999,39.43658212,WGS84,2530623
965,42.9,SWBD,-96.66088151,39.33639869,WGS84,2281163
966,1.4,SWBD,-94.78191548,39.16354169,WGS84,2255477
967,40.2,SWBD,-95.45066688,39.17313783,WGS84,748129
968,65.9,SWBD,-96.9526703,39.16573632,WGS84,5927136
969,2.4,SWBD,-94.32658214,39.00433881,WGS84,4392527
970,3.5,SWBD,-94.32230461,38.97505272,WGS84,4393587
971,1.7,SWBD,-104.9694802,38.98040857,WGS84,1531291
972,34.3,SWBD,-98.56407632,38.941268,WGS84,7331766
973,1.4,SWBD,-94.25194743,38.92788081,WGS84,4393635
974,3.3,SWBD,-94.47111938,38.90616078,WGS84,4393093
975,28.3,SWBD,-95.38253613,38.91819468,WGS84,24668488
976,21.2,SWBD,-99.77359176,38.7863891,WGS84,18951693
977,1.4,SWBD,-94.33799791,38.76548711,WGS84,2332151
978,1.3,SWBD,-96.56105515,38.67343115,WGS84,20929494
979,16.6,SWBD,-94.92165794,38.67919609,WGS84,2993730
980,13.7,SWBD,-95.5961969,38.66820526,WGS84,24742093
981,12.6,SWBD,-97.99507414,38.62862139,WGS84,25068620
982,23.9,SWBD,-95.78800816,38.49870678,WGS84,10125642
983,24.6,SWBD,-97.12243426,38.40099618,WGS84,20919149
984,9,SWBD,-94.65491341,38.36074778,WGS84,2998084
985,12.7,SWBD,-102.6900951,38.3381369,WGS84,1595805
986,5.7,SWBD,-93.94469737,38.30603659,WGS84,2334415
987,15.7,SWBD,-104.7748141,38.27164352,WGS84,951037
988,1.8,SWBD,-102.6290015,38.27895111,WGS84,941020098
989,186.8,SWBD,-93.52188718,38.21764748,WGS84,2984402
990,4.2,SWBD,-103.7082822,38.26399894,WGS84,976140
991,33.4,SWBD,-95.80246038,38.25058616,WGS84,20932350
992,18.9,SWBD,-103.2469105,38.26106953,WGS84,1593759
994,2,SWBD,-104.6563811,38.16855255,WGS84,952617
995,19.2,SWBD,-103.7010094,38.192909,WGS84,941020052
996,8.7,SWBD,-103.40096079999999,38.17613818,WGS84,941020090
997,1.1,SWBD,-91.4551991,38.097261,WGS84,5079600
998,44.1,SWBD,-103.0232163,38.07331195,WGS84,1594279
999,1.1,SWBD,-90.33481846,37.9808775,WGS84,937140050
1000,30.5,SWBD,-93.33042558,37.85477306,WGS84,7388839
1002,3,SWBD,-104.6135066,37.73381352,WGS84,1426180
1003,9.8,SWBD,-95.93739814,37.7639266,WGS84,20955426
1004,1.7,SWBD,-90.91473456,37.72421926,WGS84,4639291
1005,39.3,SWBD,-97.83512539,37.75961194,WGS84,21161199
1007,8.8,SWBD,-96.08363765,37.66264686,WGS84,21517702
1008,0.8,SWBD,-102.5542211,37.6325296,WGS84,1001755
1009,3,SWBD,-95.34238361,37.41007975,WGS84,20876182
1010,1.6,SWBD,-91.14804344,37.37842697,WGS84,7670180
1011,3.9,SWBD,-96.87313548,37.35441708,WGS84,21136327
1012,4.4,SWBD,-104.4020704,37.33072185,WGS84,938226
1013,2.7,SWBD,-93.20961212,37.31141911,WGS84,7376501
1014,4.1,SWBD,-95.45873706,37.29102719,WGS84,21797721
1015,1.6,SWBD,-96.1929689,37.23728583,WGS84,21783322
1016,4.8,SWBD,-104.5750872,37.13683693,WGS84,938202
1017,6.9,SWBD,-90.78423327,37.15939886,WGS84,7669100
1018,4.8,SWBD,-90.18486186,37.00231405,WGS84,3663784
1019,23.8,SWBD,-90.32837114,36.96685333,WGS84,734975
1020,16.7,SWBD,-95.94887613,36.92836169,WGS84,21784728
1021,82.7,SWBD,-98.22682942,36.74062353,WGS84,21000619
1022,2.7,SWBD,-97.02521456,36.72910085,WGS84,21037729
1023,58.7,SWBD,-96.87529274,36.76809168,WGS84,21038199
1024,2.9,SWBD,-96.41884914,36.70522477,WGS84,846650
1025,2.9,McGill,-101.1456441,36.6707201,WGS84,13852597
1026,118.1,SWBD,-93.44400411,36.60511866,WGS84,8585792
1027,6.6,SWBD,-99.56983054,36.53266264,WGS84,13811232
1028,3.7,SWBD,-96.18149992,36.52496042,WGS84,846664
1029,101.5,SWBD,-94.89929601,36.56650736,WGS84,7583597
1030,1.4,SWBD,-94.32877601,36.46611778,WGS84,7601993
1031,21.4,SWBD,-97.02953228,36.43414461,WGS84,20970224
1032,114.7,SWBD,-95.59559613,36.54839349,WGS84,21798745
1033,71.3,SWBD,-93.91720906,36.36483464,WGS84,8589652
1034,5.7,SWBD,-95.01723961,36.39435501,WGS84,21773077
1035,9,SWBD,-94.88007762,36.35419241,WGS84,21772091
1037,35,SWBD,-96.1699758,36.36707533,WGS84,848647
1038,0.7,SWBD,-91.53946493,36.30114708,WGS84,7561775
1039,21.1,SWBD,-95.14947717,36.35539777,WGS84,21773101
1040,1.5,SWBD,-95.12739004,36.26999875,WGS84,21773113
1041,2.2,SWBD,-95.09681663,36.25055915,WGS84,21773235
1042,79.4,SWBD,-92.24445219,36.36033347,WGS84,7653765
1043,1.4,SWBD,-94.53423851,36.25100926,WGS84,399462
1044,15.6,SWBD,-95.15879408,36.26051686,WGS84,21773121
1045,2.4,SWBD,-91.73334141,36.20501835,WGS84,11808956
1046,1.9,SWBD,-96.18031565,36.19129348,WGS84,369115
1047,4,SWBD,-97.18430123,36.18096527,WGS84,492632
1048,79.6,SWBD,-96.32558526,36.20520276,WGS84,494192
1049,12.4,SWBD,-97.22735634,36.13592339,WGS84,492668
1050,27.3,SWBD,-98.60951244,36.12310933,WGS84,390132
1051,0.7,SWBD,-95.55062304,36.07497941,WGS84,833016
1052,0.4,SWBD,-102.5015909,36.03145731,WGS84,19996619
1053,67.4,SWBD,-95.27515762,35.95239276,WGS84,21773821
1054,2.3,SWBD,-96.60636261,35.80862359,WGS84,539097
1055,35,SWBD,-101.6273317,35.66804637,WGS84,19981068
1056,1.5,SWBD,-94.10457135,35.69981455,WGS84,7753354
1057,1.6,SWBD,-94.14293775,35.67027381,WGS84,7753360
1058,2,SWBD,-96.07426088,35.61368598,WGS84,539251
1059,3.3,SWBD,-95.16117009,35.63071505,WGS84,167297533
1060,48.8,SWBD,-94.97817315,35.68608487,WGS84,401996
1061,9.3,SWBD,-97.59571733,35.56721238,WGS84,254924
1062,3.8,SWBD,-96.11664611,35.56222025,WGS84,539295
1063,24.5,SWBD,-99.22260453,35.57531532,WGS84,3142748
1064,2.5,SWBD,-96.32139185,35.52170502,WGS84,539327
1065,1.6,SWBD,-93.83430507,35.53258107,WGS84,7752388
1066,1.2,SWBD,-90.67559437,35.53088036,WGS84,3672306
1067,118.5,SWBD,-92.16870637,35.54059046,WGS84,11778405
1068,6.1,SWBD,-97.67832267,35.49967848,WGS84,393420
1069,2,SWBD,-97.11216563,35.40365176,WGS84,415475
1070,31.4,SWBD,-104.2276469,35.41930165,WGS84,20052805
1071,2,SWBD,-93.19526857,35.37925772,WGS84,7769545
1072,2.2,SWBD,-97.08416236,35.35924874,WGS84,415541
1073,22.7,SWBD,-103.5286368,35.34608876,WGS84,20032407
1074,4.1,SWBD,-97.07701285,35.33395658,WGS84,415551
1075,135.4,SWBD,-94.90413675,35.36230027,WGS84,1543605
1077,354.9,SWBD,-95.59458704,35.26906137,WGS84,416903
1078,94.3,SWBD,-93.33146438,35.34003477,WGS84,7771545
1079,4,SWBD,-92.59987562,35.23913887,WGS84,7817772
1081,14.4,SWBD,-98.48032791,35.19435884,WGS84,683617
1082,2.8,SWBD,-92.43765391,35.13545975,WGS84,7819012
1083,5.4,SWBD,-98.14119555,35.14766464,WGS84,683629
1084,11.3,SWBD,-93.69990325,35.09968989,WGS84,7803245
1085,1.3,SWBD,-96.36122184,35.0318709,WGS84,482556
1086,11.8,SWBD,-104.6660633,35.04691801,WGS84,20817596
1087,5.2,SWBD,-95.82874472,35.0303854,WGS84,513323
1088,3.7,SWBD,-100.9099849,35.01006766,WGS84,13543355
1089,4.6,SWBD,-92.77114098,34.97681556,WGS84,7827686
1090,20.1,SWBD,-92.38799661,35.00467736,WGS84,7789184
1091,4.4,SWBD,-96.71299946,34.96358208,WGS84,941090049
1092,9.6,SWBD,-93.21005737,34.95487857,WGS84,7830224
1094,4.8,SWBD,-102.1264981,34.89672115,WGS84,167484674
1095,20.4,SWBD,-99.31077201,34.92943842,WGS84,13757101
1096,35,SWBD,-92.56654229,34.87848873,WGS84,22847993
1097,3.6,SWBD,-94.2719334,34.85915188,WGS84,NA
1098,3.8,SWBD,-92.86777922,34.80587629,WGS84,21921495
1099,18.8,SWBD,-98.35387358,34.82226003,WGS84,673700
1100,1.6,SWBD,-97.2050123,34.77964814,WGS84,19958428
1101,39.4,SWBD,-90.08435097,34.74522411,WGS84,15256396
1102,22.7,SWBD,-98.99813714,34.7647715,WGS84,562479
1103,3.1,SWBD,-97.04809814,34.75337924,WGS84,19958198
1104,8.1,SWBD,-98.50632614,34.75592499,WGS84,673746
1105,1.3,SWBD,-90.70128546,34.72092368,WGS84,938020412
1106,1.1,SWBD,-92.96480493,34.65448304,WGS84,21921531
1107,6.4,SWBD,-91.51606337,34.66063023,WGS84,25827948
1108,3.6,SWBD,-92.90796338,34.63755459,WGS84,21920463
1109,6.5,SWBD,-104.3887697,34.63210932,WGS84,20818458
1110,4.8,SWBD,-97.68399029,34.6133434,WGS84,19958514
1111,2.4,SWBD,-97.89467384,34.59359751,WGS84,19958542
1113,0.8,SWBD,-101.4471606,34.54734176,WGS84,13943832
1114,2.7,SWBD,-98.88239308,34.52937283,WGS84,573160
1115,1,SWBD,-100.3781846,34.47169908,WGS84,13963871
1116,21.1,SWBD,-93.09422785,34.44626638,WGS84,15238726
1117,8.1,SWBD,-97.01948942,34.44478926,WGS84,19959988
1118,4.6,SWBD,-92.93885977,34.4439149,WGS84,15237584
1119,13,SWBD,-95.88692904,34.35397605,WGS84,167484722
1120,37.2,SWBD,-98.08705849,34.28413654,WGS84,8358571
1121,45.2,SWBD,-93.20008728,34.25349221,WGS84,22001960
1122,4.9,SWBD,-94.22860833,34.22871974,WGS84,3746222
1123,54.4,SWBD,-94.6850596,34.20876767,WGS84,630315
1124,4.9,SWBD,-94.099183,34.16539544,WGS84,3746242
1126,15.4,SWBD,-95.10273768,34.14987769,WGS84,617688
1127,7,SWBD,-94.38818417,34.11911018,WGS84,3746270
1128,47.9,SWBD,-95.41700323,34.06916244,WGS84,592796
1129,1.4,SWBD,-98.75328385,33.99236266,WGS84,13734190
1130,0.6,SWBD,-99.02035019,33.97821736,WGS84,13730005
1131,5,SWBD,-99.2741101,33.92745814,WGS84,13730019
1132,5.5,SWBD,-91.76860378,33.9286962,WGS84,19471475
1133,4.5,SWBD,-97.65620632,33.86416021,WGS84,3134369
1134,21.4,SWBD,-95.59877468,33.83273706,WGS84,8349009
1135,263.1,SWBD,-96.68532638,33.89877461,WGS84,426282
1136,11.1,SWBD,-98.96234997,33.79716052,WGS84,13734224
1137,6.2,SWBD,-99.84665135,33.78636671,WGS84,13526434
1138,3.8,SWBD,-97.22994401,33.76711654,WGS84,3134383
1139,43.1,SWBD,-98.37080955,33.71092461,WGS84,13661285
1140,28.7,SWBD,-99.19544106,33.76581538,WGS84,13733418
1141,4.1,SWBD,-95.58474617,33.71837676,WGS84,8349071
1142,4.5,SWBD,-91.84358509,33.70454384,WGS84,21809366
1143,3.9,SWBD,-93.08591109,33.69103936,WGS84,22705212
1144,93.2,SWBD,-93.97965521,33.74571208,WGS84,3747804
1145,17.6,SWBD,-98.81494196,33.64383194,WGS84,13661325
1146,3.1,SWBD,-96.15159334,33.65048009,WGS84,8350627
1147,3.1,SWBD,-96.37286839,33.636669500000004,WGS84,8350713
1148,3.5,SWBD,-101.0875296,33.47456931,WGS84,14025310
1149,5.6,SWBD,-97.88108263,33.47563406,WGS84,1306447
1150,2.8,SWBD,-99.3825483,33.40951222,WGS84,5543704
1151,68.7,SWBD,-97.06048337,33.40415408,WGS84,1276712
1152,40.5,SWBD,-95.66593124,33.31593122,WGS84,4300759
1154,0.7,SWBD,-92.48194724,33.30579552,WGS84,938040542
1155,9.7,SWBD,-93.37864396,33.29649122,WGS84,19933037
1156,18,SWBD,-91.24100028,33.31757447,WGS84,19302919
1157,6.4,SWBD,-92.03440952,33.23290701,WGS84,21815926
1158,1.4,SWBD,-98.13441392,33.23934926,WGS84,1304709
1159,40.1,SWBD,-97.86875292,33.22047419,WGS84,1306523
1160,6.4,SWBD,-95.63123101,33.1711666,WGS84,1122911
1161,6.1,SWBD,-98.62988911,33.15579013,WGS84,5494752
1162,1.7,SWBD,-98.603112049999993,33.14307895,WGS84,5494754
1163,39,SWBD,-95.07061244,33.06452034,WGS84,1010626
1164,65.5,SWBD,-96.98133909,33.11485572,WGS84,1278660
1165,4.9,SWBD,-101.0651627,33.04828648,WGS84,13698773
1166,6.4,SWBD,-99.59607788,33.0618911,WGS84,5508416
1167,11.9,SWBD,-95.18737372,33.05947695,WGS84,1010628
1168,21.4,SWBD,-93.54811483,33.10773467,WGS84,19927035
1169,4.2,SWBD,-94.83693225,33.06945335,WGS84,1009160
1170,68.5,SWBD,-96.4800003,33.08846841,WGS84,1292376
1171,21.2,SWBD,-97.10712975,32.99158628,WGS84,1287157
1172,0.7,SWBD,-94.67487635,32.96920182,WGS84,1011466
1173,2.6,SWBD,-96.97891881,32.94039399,WGS84,1279592
1174,4.7,SWBD,-94.72264259,32.93944737,WGS84,1011722
1175,7.2,SWBD,-93.92820478,32.89667139,WGS84,1136390
1176,50.6,SWBD,-98.48175809,32.89701582,WGS84,5497092
1177,29.1,SWBD,-97.49721499,32.91751098,WGS84,1306933
1178,2.1,SWBD,-94.55239305,32.85032965,WGS84,1011742
1179,43.1,SWBD,-99.00411597,32.80211092,WGS84,5526181
1180,3.9,SWBD,-96.72268991,32.83369871,WGS84,1260403
1182,93.2,SWBD,-95.59659246,32.87557717,WGS84,5294025
1183,79.9,SWBD,-96.51172712,32.88648707,WGS84,1293222
1184,11.1,SWBD,-97.46065394,32.80675606,WGS84,1269046
1185,3.7,SWBD,-97.68643719,32.78291243,WGS84,1269060
1186,69.9,SWBD,-94.60942844,32.80030638,WGS84,1011758
1187,21.6,SWBD,-92.96001405,32.75762615,WGS84,15223090
1188,9,SWBD,-96.96029944,32.71783882,WGS84,1269886
1189,2.4,SWBD,-96.17361716,32.73974842,WGS84,1297278
1190,6.5,SWBD,-97.21346988,32.70291321,WGS84,1269102
1191,46.9,SWBD,-92.42496863,32.75415755,WGS84,15223050
1192,60.3,SWBD,-94.02699329,32.70898662,WGS84,1018085
1193,8.5,SWBD,-93.66631268,32.67776278,WGS84,3760328
1194,12.1,SWBD,-97.46652758,32.6295322,WGS84,1269112
1195,1.3,SWBD,-98.8634283,32.64336662,WGS84,5526195
1196,5.8,SWBD,-98.30487269,32.64337235,WGS84,5497356
1197,23.5,SWBD,-97.02151611,32.60801184,WGS84,1268626
1198,6.8,SWBD,-99.68506513,32.59375365,WGS84,5489975
1199,2.4,SWBD,-95.25233138,32.62624547,WGS84,5276476
1200,1.6,SWBD,-92.0505287,32.59031961,WGS84,19432896
1201,39.2,McGill,-101.2048981,32.59676439,WGS84,5632671
1202,7.4,SWBD,-104.3854244,32.57293293,WGS84,22455419
1203,26.2,SWBD,-93.85660926,32.51169012,WGS84,1136428
1204,1.4,SWBD,-93.58425625,32.51467034,WGS84,3760350
1205,1.7,SWBD,-99.00108321,32.44027525,WGS84,5526775
1206,4.3,SWBD,-94.47925406,32.44208711,WGS84,5279654
1207,89.1,SWBD,-90.01667319,32.45082394,WGS84,15758510
1208,23.8,SWBD,-97.75731296,32.44459313,WGS84,5499404
1209,10,SWBD,-94.65437825,32.36097081,WGS84,5279694
1210,4.4,SWBD,-98.70214623,32.36302054,WGS84,2568406
1211,1.5,SWBD,-90.20189397,32.36210645,WGS84,15758572
1212,1.9,SWBD,-96.81994946,32.34063124,WGS84,1447014
1213,25.9,SWBD,-93.40115771,32.38559922,WGS84,19936523
1214,3.3,SWBD,-100.9272854,32.33910423,WGS84,5636271
1215,6.7,SWBD,-93.13119171,32.3335082,WGS84,19910045
1216,10.8,SWBD,-97.77919581,32.30915475,WGS84,5512466
1217,1.2,SWBD,-100.8495304,32.2882117,WGS84,5636277
1218,4.7,SWBD,-97.42954221,32.29973432,WGS84,5512472
1219,17,SWBD,-94.57080115,32.24389905,WGS84,5279756
1220,11.8,SWBD,-96.66211581,32.27957898,WGS84,1447048
1221,3.6,SWBD,-101.1061963,32.25306987,WGS84,5714813
1222,0.5,SWBD,-99.89378204,32.2370116,WGS84,5491687
1223,1.1,SWBD,-95.95503741,32.2259628,WGS84,1299360
1224,0.8,SWBD,-101.3742936,32.2203848,WGS84,5714821
1225,19.2,SWBD,-92.52546899,32.24275864,WGS84,19385035
1226,3.2,SWBD,-101.6478317,32.22126978,WGS84,5700982
1227,8,SWBD,-95.12741422,32.23864827,WGS84,1148499
1228,4.7,SWBD,-95.74454484,32.21257178,WGS84,4452184
1229,7.9,SWBD,-95.17496368,32.2368199,WGS84,1148503
1230,118.1,SWBD,-96.13389774,32.29684347,WGS84,1300574
1231,28.6,SWBD,-95.45166966,32.11479251,WGS84,4452334
1232,3.5,SWBD,-100.2769745,32.05233174,WGS84,5721979
1233,12.9,SWBD,-94.46006244,32.03792694,WGS84,5279782
1234,4.4,SWBD,-99.49170764,32.03600292,WGS84,5740944
1235,9.5,SWBD,-93.24483519,32.00688464,WGS84,19910039
1236,9,SWBD,-98.48525946,31.98417316,WGS84,2569842
1237,16,SWBD,-96.74334979,31.94959759,WGS84,4133653
1238,156.5,SWBD,-96.24233665,31.98875913,WGS84,1448008
1239,1.3,SWBD,-99.87051213,31.95030346,WGS84,5656760
1240,7.4,SWBD,-94.98923529,31.95904472,WGS84,1150541
1241,4.1,SWBD,-95.29526398,31.9193553,WGS84,4454156
1242,16.1,SWBD,-103.9297262,31.9381002,WGS84,943070168
1243,13.1,SWBD,-100.5478424,31.91323042,WGS84,5722891
1244,5.1,SWBD,-91.76716752,31.92855405,WGS84,19352401
1245,9.7,SWBD,-97.20800274,31.92352449,WGS84,166414850
1246,16.9,SWBD,-93.01442714,31.92178091,WGS84,19911175
1247,70.6,SWBD,-97.40871044,31.95878681,WGS84,5513662
1248,17.8,SWBD,-99.03420521,31.84628632,WGS84,5735537
1249,0.9,SWBD,-99.57115753,31.83597312,WGS84,5742084
1250,7.9,SWBD,-96.06198363,31.79539374,WGS84,1459817
1251,6.9,SWBD,-93.1296515,31.76021976,WGS84,19918040
1252,5.5,SWBD,-92.79897102,31.62437963,WGS84,19916932
1253,8.2,SWBD,-94.82151878,31.61691436,WGS84,1150581
1254,22.8,SWBD,-97.22834091,31.56877751,WGS84,5531604
1255,7.1,SWBD,-96.96113188,31.56366984,WGS84,24943447
1256,5.2,SWBD,-92.65370371,31.56663572,WGS84,19916978
1257,47.1,SWBD,-99.69331115,31.54576932,WGS84,5725999
1258,29,UY,-100.5108777,31.50224505,WGS84,5712417
1259,2,SWBD,-96.97774908,31.46545581,WGS84,5515400
1260,2.9,SWBD,-94.69094019,31.44478679,WGS84,1158969
1261,4.8,SWBD,-95.5768646,31.41424709,WGS84,1456475
1262,2.9,SWBD,-100.4895979,31.38072369,WGS84,5702853
1263,61.6,UY,-100.5438094,31.34265001,WGS84,5702875
1264,9.2,SWBD,-91.90513829,31.36834694,WGS84,19406688
1265,6.7,SWBD,-92.73801853,31.31652777,WGS84,19919302
1266,45.3,SWBD,-96.3454662,31.39965501,WGS84,5576157
1267,6.7,SWBD,-92.62801653,31.27086611,WGS84,25386859
1268,4.5,SWBD,-96.48154634,31.19848255,WGS84,5576085
1269,599.6,SWBD,-93.73263938,31.49503319,WGS84,9533939
1270,14.9,SWBD,-93.36198592,31.20607288,WGS84,8329678
1271,3.6,SWBD,-99.41049376,31.13958219,WGS84,5754184
1272,6.6,SWBD,-92.46734244,31.11177083,WGS84,15146034
1273,42.6,SWBD,-97.5084343,31.16528724,WGS84,2572322
1274,7.6,SWBD,-93.3718552,31.11015484,WGS84,8329748
1275,380.1,SWBD,-94.23820366,31.20369281,WGS84,1159647
1276,2.4,SWBD,-96.30277784,31.05678744,WGS84,5576223
1277,23.5,SWBD,-97.58397688,31.01959966,WGS84,5587560
1278,0.2,SWBD,-92.27062021,30.82469169,WGS84,15148420
1279,17.8,SWBD,-94.18449535,30.8293334,WGS84,1111433
1280,80.5,SWBD,-98.42231301,30.8148561,WGS84,5757772
1281,5.1,SWBD,-93.10465727,30.74400558,WGS84,25040596
1282,3.2,SWBD,-92.35855065,30.73917143,WGS84,15139093
1283,2.2,SWBD,-98.3809597,30.7427549,WGS84,5757786
1284,1.1,SWBD,-96.45756073,30.71381982,WGS84,5557946
1285,15.3,SWBD,-97.35893156,30.69554817,WGS84,5671661
1286,3.5,SWBD,-97.75103997,30.67483026,WGS84,5671667
1287,219.6,SWBD,-95.10533152,30.71070513,WGS84,1492960
1288,8.9,SWBD,-96.05776724,30.62950472,WGS84,5577625
1289,12,SWBD,-91.45620797,30.65217734,WGS84,18714820
1290,3,SWBD,-97.05600023,30.57817303,WGS84,5566545
1291,19.1,SWBD,-98.38599467,30.57878625,WGS84,5757850
1292,2.3,SWBD,-98.29579284,30.56051656,WGS84,5779295
1293,3.6,SWBD,-95.53537618,30.43580754,WGS84,1468342
1294,51.3,SWBD,-97.98790569,30.43190139,WGS84,5781783
1295,43.7,SWBD,-95.59226823,30.39636102,WGS84,1468376
1296,43.6,SWBD,-96.58599751,30.31112713,WGS84,5570799
1297,2.1,SWBD,-97.78976983,30.32836234,WGS84,5781857
1298,4,SWBD,-97.6013368,30.29714466,WGS84,5789864
1299,3,SWBD,-97.28205049,30.15648467,WGS84,5789902
1300,37.3,SWBD,-95.13981059,29.98231737,WGS84,1469610
1301,9.1,SWBD,-96.73440543,29.92990599,WGS84,5791766
1302,30.6,SWBD,-98.24781122,29.88568428,WGS84,3589566
1303,19.8,SWBD,-94.68419341,29.8027083,WGS84,1515537
1304,10.2,SWBD,-94.81619127,29.77256367,WGS84,1558984
1305,19.3,SWBD,-98.95727315,29.57874668,WGS84,10835486
1306,8.9,SWBD,-95.64799603,29.49092156,WGS84,3126488
1307,131.5,SWBD,-101.0826402,29.50803177,WGS84,285560
1308,11.9,SWBD,-98.31694606,29.3018532,WGS84,10840882
1309,5,SWBD,-98.37716192,29.25338483,WGS84,10840890
1310,5.3,SWBD,-95.53730854,29.24130148,WGS84,3124658
1311,7.1,SWBD,-95.52684594,29.07016074,WGS84,3124646
1312,30.1,SWBD,-96.54610787,28.9434452,WGS84,7847413
1313,0.1,SWBD,-96.4674153,28.82163124,WGS84,9356628
1314,28.4,SWBD,-96.04901529,28.76574251,WGS84,9355902
1315,8.3,SWBD,-97.17922262,28.74752077,WGS84,1639271
1316,55.1,SWBD,-98.31403078,28.48868732,WGS84,10664546
1317,59.1,SWBD,-97.90456977,28.12932966,WGS84,3170382
1318,2.6,SWBD,-99.43532007,27.54554944,WGS84,607167
1320,120.8,SWBD,-99.17646142,26.63773139,WGS84,326433
1321,7.3,SWBD,-97.94593287,26.41269998,WGS84,202863
1322,0.4,SWBD,-98.16837286,26.38153119,WGS84,203611
1408,10.7,SWBD,-90.01404478,48.06336761,WGS84,4794668
1421,8.1,SWBD,-87.69791707,46.80560822,WGS84,12026354
1422,7.6,McGill,-89.53145089,46.77563045,WGS84,6789391
1424,0.9,SWBD,-89.24251603,46.67760378,WGS84,11947237
1425,5.2,SWBD,-87.84054787,46.65874736,WGS84,12026402
1427,52.6,SWBD,-89.57410212,46.5045084,WGS84,11947267
1428,9.8,SWBD,-87.66812532,46.59015981,WGS84,904020402
1429,3.9,SWBD,-87.68558984,46.52555869,WGS84,12026504
1431,3.8,SWBD,-87.82703822,46.45528461,WGS84,11959924
1433,2.8,SWBD,-87.65273086,46.42731696,WGS84,11959934
1434,4,SWBD,-87.53443926,46.42135392,WGS84,11960000
1435,8,SWBD,-89.10253977,46.39379421,WGS84,11952199
1438,6.4,SWBD,-86.86173235,46.28071407,WGS84,12021350
1440,41.5,SWBD,-85.78338848,46.23889811,WGS84,12220724
1442,15,SWBD,-89.42136746,46.21517147,WGS84,11952277
1443,1.5,SWBD,-86.06126703,46.18177611,WGS84,12222454
1444,18.9,SWBD,-88.21327703,46.17823269,WGS84,6832401
1445,2.5,SWBD,-89.87498509,46.14022682,WGS84,13344984
1447,3.3,SWBD,-89.02267591,46.06428489,WGS84,13392355
1448,34.7,SWBD,-86.33229306,45.98901225,WGS84,12222818
1449,10.8,SWBD,-88.2022269,46.01570547,WGS84,6832461
1450,17,SWBD,-84.92367933,45.99765243,WGS84,12216207
1451,1.2,SWBD,-87.97997853,45.95433151,WGS84,6841487
1453,19.1,SWBD,-89.88165515,45.71891742,WGS84,13397299
1454,8.9,SWBD,-89.44077234,45.67308527,WGS84,937070196
1455,1.6,SWBD,-84.45260967,45.59892252,WGS84,12497176
1457,41,McGill,-84.2726447,45.46491566,WGS84,12498930
1458,13.8,SWBD,-89.19944726,45.5057362,WGS84,13397639
1459,6.3,SWBD,-89.63488479,45.48674443,WGS84,13400235
1461,7.6,SWBD,-89.74943735,45.47106836,WGS84,13400289
1465,4.1,SWBD,-88.26020612,45.35664515,WGS84,6821120
1466,6.1,SWBD,-88.19640146,45.30506902,WGS84,6821248
1467,9.8,SWBD,-87.90771879,45.25669726,WGS84,6818912
1470,5,SWBD,-83.56321158,45.10178267,WGS84,12960503
1471,28.6,SWBD,-83.86340642,44.98300101,WGS84,12962337
1472,11.4,SWBD,-85.74057519,45.01845344,WGS84,12226869
1473,3.3,SWBD,-88.55432787,44.90393322,WGS84,6812084
1474,0.5,SWBD,-85.39973476,44.90483895,WGS84,13058276
1475,1.6,SWBD,-88.60351135,44.8884907,WGS84,9032123
1476,35,SWBD,-83.56355708,44.80412973,WGS84,12962415
1478,1.2,SWBD,-85.6142637,44.74650239,WGS84,13058232
1479,6,SWBD,-89.77333599,44.73214154,WGS84,14732504
1480,19.4,SWBD,-89.69415668,44.70511472,WGS84,14732548
1482,39.4,SWBD,-86.17269915,44.6617037,WGS84,12228527
1483,7.1,SWBD,-75.27681689,44.59182536,WGS84,15489188
1484,3.6,SWBD,-83.81752395,44.57431423,WGS84,12951564
1486,5.9,SWBD,-83.62237829,44.45437289,WGS84,12954044
1487,2.1,SWBD,-83.74449173,44.46134076,WGS84,12954042
1488,40.6,SWBD,-84.7227126,44.47408343,WGS84,12129506
1489,5.9,SWBD,-83.48589695,44.44909247,WGS84,12954030
1490,6.8,SWBD,-85.78039419,44.3801656,WGS84,904060098
1492,4,SWBD,-85.90446306,44.25504197,WGS84,12121300
1493,645.5,SWBD,-88.47204966,44.03577575,WGS84,12009644
1494,5,SWBD,-75.39214592,44.15090859,WGS84,15485207
1495,3.6,SWBD,-84.44555713,44.11330899,WGS84,13046193
1496,2.9,SWBD,-84.32881266,44.07385821,WGS84,13046215
1497,18.4,SWBD,-86.4538513,44.0520857,WGS84,8988786
1498,0.4,SWBD,-84.9990369,43.95567596,WGS84,12133660
1499,21.6,SWBD,-74.97061403,43.90232917,WGS84,15511222
1500,3.2,SWBD,-86.42787206,43.89062632,WGS84,8992210
1501,52.7,SWBD,-89.97808979,43.93776773,WGS84,14709640
1502,31.3,SWBD,-89.0018452,43.80954088,WGS84,6868045
1503,8.6,SWBD,-84.35393828,43.84885924,WGS84,13047157
1504,21.4,SWBD,-89.16911493,43.75879483,WGS84,6868097
1505,8.7,SWBD,-89.41563452,43.76478611,WGS84,6867833
1507,5.5,SWBD,-84.38831483,43.71952843,WGS84,13048183
1509,10.6,SWBD,-88.92386579,43.58497167,WGS84,13287424
1510,10.9,SWBD,-75.86376546,43.53549496,WGS84,21622765
1511,25.5,SWBD,-88.88849536,43.49578663,WGS84,937090117
1512,11.3,SWBD,-88.61943085,43.37716684,WGS84,13292626
1513,2,McGill,-78.27114041,43.31346431,WGS84,15561187
1514,10.4,SWBD,-75.07570653,43.33221216,WGS84,22743749
1515,31.9,SWBD,-89.59212599,43.37808639,WGS84,13633949
1516,9.7,SWBD,-75.4291408,43.29303019,WGS84,22752063
1517,206.8,McGill,-75.91015344,43.20324631,WGS84,22024904
1519,6.6,SWBD,-86.03665968,43.24800613,WGS84,8994206
1521,7.3,SWBD,-78.99742051,43.14828417,WGS84,15568061
1522,6.7,SWBD,-83.44713205,43.12756504,WGS84,13016659
1523,4.2,SWBD,-88.42581926,43.12660109,WGS84,13292750
1524,41.1,SWBD,-89.41774779,43.10791869,WGS84,13294314
1525,9.4,SWBD,-88.30701811,43.07296025,WGS84,14767578
1526,5.2,SWBD,-88.93035757,43.0785812,WGS84,13283872
1528,171.2,SWBD,-76.68200556,42.70119797,WGS84,21980179
1529,34.3,SWBD,-76.36407885,42.86052686,WGS84,21979707
1530,26.6,SWBD,-76.51022867,42.83442838,WGS84,21979867
1531,8.8,SWBD,-76.28467891,42.86637085,WGS84,21979683
1532,173.6,McGill,-76.91850481,42.65656355,WGS84,21980305
1533,2.2,SWBD,-75.89219564,42.81430202,WGS84,22026680
1534,2.2,SWBD,-83.82765844,42.78640193,WGS84,13031559
1535,7.7,SWBD,-77.60918116,42.72670208,WGS84,15540431
1536,46.3,SWBD,-77.13460462,42.52641536,WGS84,21982503
1537,7.8,SWBD,-88.60706946,42.60714222,WGS84,13296252
1538,21.3,SWBD,-88.50330784,42.56515571,WGS84,14769488
1539,6.2,SWBD,-85.92106331,42.55139622,WGS84,3468065
1540,4.2,SWBD,-83.65113726,42.52989337,WGS84,13174029
1541,1.6,SWBD,-78.19777339,42.38005334,WGS84,15551207
1542,3.4,SWBD,-77.08199674,42.39788122,WGS84,8119209
1543,4.4,SWBD,-75.9743036,42.36957536,WGS84,9423835
1544,1.7,SWBD,-78.29236464,42.24908362,WGS84,8969826
1545,4.5,SWBD,-83.49789388,42.2112257,WGS84,13176069
1546,3.7,SWBD,-83.58876713,42.21753097,WGS84,13176089
1547,2,SWBD,-89.87426958,42.18005389,WGS84,13358074
1548,2.9,SWBD,-84.30032262,42.09248965,WGS84,13228196
1549,53.3,McGill,-79.40158083,42.16862209,WGS84,15445179
1550,16.3,SWBD,-75.3079646,42.09547404,WGS84,2614120
1551,2.9,SWBD,-77.17324216,41.89311084,WGS84,8112617
1552,2,SWBD,-77.12975258,41.88089239,WGS84,8112035
1553,41.4,SWBD,-78.93822193,41.94682717,WGS84,8974528
1554,2.1,SWBD,-85.00772377,41.75808765,WGS84,12262548
1555,0.3,SWBD,-75.48675811,41.70292859,WGS84,2598791
1556,2.9,SWBD,-86.06859133,41.67715332,WGS84,12265034
1557,3.7,SWBD,-78.56456782,41.58337618,WGS84,6879775
1558,3,SWBD,-84.91872694,41.55019246,WGS84,15677495
1559,55.2,SWBD,-80.49904726,41.6054471,WGS84,12995848
1560,21,SWBD,-75.23406697,41.41285695,WGS84,2743270
1561,5.5,SWBD,-81.20237508,41.38536623,WGS84,15588554
1562,5.2,SWBD,-80.11821285,41.404178279999996,WGS84,10223924
1563,7.4,SWBD,-88.34035234,41.36882906,WGS84,14780108
1564,2,SWBD,-88.25607901,41.35542298,WGS84,14779310
1565,28.4,SWBD,-80.75481968,41.37209784,WGS84,13160567
1566,13.5,SWBD,-80.43316104,41.29953783,WGS84,12999304
1567,7.7,SWBD,-88.63576302,41.25495957,WGS84,14780246
1568,1.3,SWBD,-76.05686352,41.27491868,WGS84,2603065
1569,1.9,SWBD,-84.43354188,41.20670892,WGS84,15649133
1570,10.2,SWBD,-88.22056823,41.2218725,WGS84,14780272
1571,2.9,SWBD,-81.31373374,41.18953156,WGS84,15588670
1572,9,SWBD,-81.12063766,41.14381464,WGS84,13156529
1573,6.6,SWBD,-80.80128874,41.12378623,WGS84,13154553
1574,6.3,SWBD,-80.98104962,41.09668159,WGS84,13154605
1575,6.6,SWBD,-77.64904699,41.02410068,WGS84,8139726
1576,10.4,SWBD,-81.02764565,41.01011585,WGS84,13156617
1577,3.3,SWBD,-83.57007204,41.01919493,WGS84,15644350
1578,11.8,SWBD,-80.0705342,40.95021978,WGS84,10926467
1579,2.8,SWBD,-78.5401578,40.94388225,WGS84,4674951
1580,1.8,SWBD,-75.56500439,40.93621624,WGS84,4188067
1581,2.8,SWBD,-81.52556556,40.93954597,WGS84,19390072
1582,0.8,SWBD,-79.25788509,40.9224984,WGS84,4742045
1583,1,SWBD,-75.55935462,40.90462353,WGS84,4188099
1584,1.2,SWBD,-75.97456248,40.86381513,WGS84,4779123
1585,3.4,SWBD,-75.61060694,40.86314427,WGS84,4188127
1586,2.3,SWBD,-85.44426248,40.8409087,WGS84,18508620
1587,7.5,SWBD,-85.61714871,40.77567839,WGS84,18505930
1588,3,SWBD,-86.78575715,40.81623886,WGS84,18490850
1589,2.2,SWBD,-84.23345471,40.73745861,WGS84,15653089
1590,3.1,SWBD,-79.29000434,40.74919552,WGS84,4742203
1591,2.5,SWBD,-75.10221293,40.73426655,WGS84,2588241
1592,10.7,SWBD,-85.88029441,40.68587115,WGS84,18503021
1593,3.7,SWBD,-82.62987368,40.70749376,WGS84,15411537
1594,6.5,SWBD,-78.54914098,40.67075315,WGS84,4675029
1595,2.1,SWBD,-81.19006344,40.66253589,WGS84,19390338
1596,1.4,SWBD,-88.92735821,40.64965741,WGS84,13596143
1597,5.3,SWBD,-86.75411954,40.69411025,WGS84,18490804
1598,2.6,SWBD,-89.0378298,40.64016429,WGS84,13598199
1599,2.4,SWBD,-80.51494107,40.61673468,WGS84,3821125
1600,2.9,SWBD,-82.34434419,40.6396763,WGS84,15411561
1601,1.7,SWBD,-79.07935074,40.6139985,WGS84,4752394
1602,2.1,SWBD,-79.02930427,40.57758193,WGS84,4752418
1603,1.5,SWBD,-80.36298736,40.58006688,WGS84,3821197
1604,5.7,SWBD,-89.70530318,40.54800643,WGS84,13606234
1605,49.7,SWBD,-84.5006233,40.52702013,WGS84,18507902
1606,5.5,SWBD,-81.24810748,40.54401927,WGS84,19390360
1607,4,SWBD,-79.55859056,40.48272483,WGS84,4583036
1608,17.6,SWBD,-83.88311105,40.49466886,WGS84,3982190
1609,3.3,SWBD,-81.17466802,40.47963651,WGS84,19392688
1610,5.4,SWBD,-75.22331881,40.45981683,WGS84,2591169
1611,2.2,SWBD,-76.71652121,40.47332335,WGS84,4710088
1612,4.3,SWBD,-89.96982301,40.47946892,WGS84,13606866
1614,1.8,SWBD,-82.3462159,40.43105088,WGS84,15401692
1615,3.2,SWBD,-76.05313428,40.38655049,WGS84,4783455
1616,3.6,SWBD,-83.05421171,40.39293694,WGS84,5215571
1617,8.2,SWBD,-81.18643938,40.34003861,WGS84,19392758
1618,2.8,SWBD,-75.50368287,40.36807155,WGS84,4782261
1619,6.1,SWBD,-81.22115676,40.25461386,WGS84,19392818
1620,8.5,SWBD,-81.1866757,40.15116019,WGS84,19392940
1621,10.4,SWBD,-82.96552295,40.22586717,WGS84,5213525
1622,3.4,SWBD,-78.96258118,40.16597469,WGS84,4753802
1623,2.8,SWBD,-83.13537054,40.19322889,WGS84,5215631
1624,4.6,SWBD,-85.28826894,40.12488036,WGS84,18474963
1625,18.7,SWBD,-88.81110182,40.16343652,WGS84,13552363
1626,10.2,SWBD,-82.87983816,40.16640804,WGS84,5213569
1627,10.3,SWBD,-81.50894544,40.1081482,WGS84,15371886
1628,4.6,SWBD,-86.03829452,40.10199272,WGS84,18475493
1629,1.9,SWBD,-78.86647912,40.04178102,WGS84,4753818
1630,2.4,SWBD,-85.31188822,40.02685206,WGS84,18459512
1631,4.9,SWBD,-82.11129309,40.01058302,WGS84,15363971
1632,0.4,SWBD,-80.40100268,39.96257308,WGS84,19453797
1633,1.2,SWBD,-75.40602266,39.95731492,WGS84,4495926
1634,7.7,SWBD,-83.73118426,39.96756291,WGS84,3985570
1635,10.8,SWBD,-82.48111592,39.92058794,WGS84,15365797
1636,13.8,SWBD,-81.39420063,39.90773924,WGS84,15373746
1637,5.8,SWBD,-85.95142259,39.9291515,WGS84,18475747
1638,0.3,SWBD,-80.80004931,39.82751598,WGS84,19455345
1639,10.9,SWBD,-88.90145045,39.84531517,WGS84,13573183
1640,4.9,SWBD,-86.3050188,39.85030678,WGS84,18476853
1641,1.9,SWBD,-76.29405478,39.82540885,WGS84,4726459
1642,3.8,SWBD,-76.90188586,39.79382896,WGS84,4726567
1643,8.9,SWBD,-79.38360624,39.75688764,WGS84,3809077
1644,10.9,SWBD,-89.60050494,39.72256667,WGS84,13565434
1645,5.6,SWBD,-87.06591327,39.74069672,WGS84,10210093
1646,5.6,SWBD,-79.86613168,39.68908256,WGS84,3774013
1647,8.1,SWBD,-89.46981348,39.61799237,WGS84,13565484
1648,4,SWBD,-76.742785,39.63876997,WGS84,11687706
1649,4.8,SWBD,-83.23825833,39.61857613,WGS84,3484533
1650,2.4,SWBD,-82.04006081,39.5378009,WGS84,15419563
1651,4,SWBD,-89.25669825,39.49930132,WGS84,13565510
1652,14.6,SWBD,-79.31644024,39.49986541,WGS84,3809131
1653,0.7,SWBD,-79.13779224,39.51709684,WGS84,14364124
1654,5.5,SWBD,-86.88702092,39.46815122,WGS84,18465700
1655,10.4,SWBD,-84.01145115,39.51619647,WGS84,3932158
1656,19.8,SWBD,-84.99411987,39.51500678,WGS84,3922499
1657,3,SWBD,-79.13593775,39.41819861,WGS84,14365098
1658,6.4,SWBD,-76.57118155,39.45619533,WGS84,11689906
1659,42,SWBD,-88.69267435,39.51058785,WGS84,13771412
1660,2.4,SWBD,-87.80711558,39.42676791,WGS84,10286216
1661,2.7,SWBD,-89.89959124,39.43103805,WGS84,5914551
1662,3.4,SWBD,-75.06241163,39.41635565,WGS84,9485820
1663,2.6,SWBD,-83.90168508,39.38602193,WGS84,3933316
1664,6.3,SWBD,-76.88708897,39.41550202,WGS84,11690104
1665,24,McGill,-81.12046444,39.47525603,WGS84,15433940
1666,3.6,SWBD,-88.46698588,39.35708681,WGS84,10432462
1667,6.3,SWBD,-80.00581829,39.27853257,WGS84,4352142
1668,0.7,SWBD,-86.12655575,39.29956653,WGS84,18444198
1669,5.2,SWBD,-86.39522511,39.25949175,WGS84,18469826
1670,4.6,SWBD,-83.38457689,39.25813596,WGS84,5233276
1671,4.4,SWBD,-79.26074755,39.18737605,WGS84,14366062
1672,2.6,SWBD,-77.01744666,39.20956371,WGS84,11907484
1673,5.2,SWBD,-89.60152992,39.22345894,WGS84,13881962
1674,4.1,SWBD,-89.46664309,39.21261665,WGS84,13881966
1675,7.5,SWBD,-83.48159433,39.18643507,WGS84,5233322
1676,1.5,SWBD,-77.30373427,39.19220896,WGS84,4505924
1677,1.3,SWBD,-86.04468878,39.15048491,WGS84,18455377
1678,1.8,SWBD,-88.63727405,39.13737478,WGS84,10432442
1679,1.9,SWBD,-76.91293151,39.12973146,WGS84,11906404
1680,0.8,SWBD,-82.24602479,39.07745736,WGS84,19440981
1681,5.5,SWBD,-87.52941592,39.06298156,WGS84,10286370
1682,3.4,SWBD,-89.40330906,39.05191389,WGS84,13882012
1683,7.8,SWBD,-84.12002829,39.01952943,WGS84,3936200
1684,40.2,SWBD,-86.43413132,39.05506336,WGS84,18444186
1685,5.5,SWBD,-80.46597448,38.96532442,WGS84,167484384
1686,1.8,SWBD,-80.34859987,38.97581397,WGS84,3717624
1687,1,SWBD,-82.1523559,38.96488459,WGS84,25023779
1688,2.5,SWBD,-89.38176839,38.94313215,WGS84,13883134
1689,5.4,SWBD,-88.29031732,38.91227409,WGS84,10435494
1690,2.9,SWBD,-86.84291866,38.88380338,WGS84,18470438
1691,2.7,SWBD,-80.59225178,38.81767935,WGS84,19416609
1692,2.6,SWBD,-85.69500253,38.77995834,WGS84,18451125
1693,2.1,SWBD,-77.64088255,38.77128251,WGS84,22340715
1694,2.6,SWBD,-88.05645172,38.75981965,WGS84,10435514
1695,2.1,SWBD,-86.93379564,38.7272112,WGS84,18445824
1696,1.5,SWBD,-88.75945572,38.72311222,WGS84,10422476
1697,3.9,SWBD,-77.33911965,38.71433417,WGS84,22340737
1698,1,SWBD,-83.46801102,38.68458872,WGS84,1920376
1699,4.5,SWBD,-80.63101157,38.65764315,WGS84,19320753
1700,1.2,McGill,-85.10945136,38.63100709,WGS84,1824428
1701,4.2,SWBD,-87.04844141,38.54815818,WGS84,18446048
1702,1.4,SWBD,-77.46936115,38.532093,WGS84,4529735
1703,33,SWBD,-86.64055716,38.41152955,WGS84,18439526
1704,11.9,SWBD,-87.75772468,38.35055109,WGS84,10381977
1705,1.8,SWBD,-77.7625802,38.33830305,WGS84,8467625
1706,2.8,SWBD,-82.39296369,38.30250839,WGS84,3964910
1707,2.9,SWBD,-83.00091394,38.22541153,WGS84,1936724
1708,1.3,SWBD,-77.61171242,38.25007002,WGS84,8490336
1709,4.8,SWBD,-80.86636946,38.23314731,WGS84,4548092
1710,8,SWBD,-89.86602309,38.21691991,WGS84,13893080
1711,1.3,SWBD,-79.79789448,38.20853866,WGS84,8520739
1712,3.3,SWBD,-82.35985795,38.11205478,WGS84,3964924
1713,7,SWBD,-82.72631679,38.08988116,WGS84,908673
1714,27.8,SWBD,-83.49168746,38.06937882,WGS84,2091997
1715,1,SWBD,-78.48884731,38.10458892,WGS84,8567197
1716,73,SWBD,-88.96369575,38.11406055,WGS84,13779518
1717,44.7,SWBD,-77.78724047,38.05414556,WGS84,8502052
1718,10.6,SWBD,-85.23853135,37.9986989,WGS84,10266408
1719,1.2,SWBD,-86.11064269,37.983952,WGS84,10358682
1720,6.9,McGill,-89.94210303,38.05882469,WGS84,13893336
1721,8.9,SWBD,-79.96458234,37.97221762,WGS84,8523443
1722,1.1,SWBD,-78.31393348,37.91639685,WGS84,8568343
1723,1.2,SWBD,-82.88332648,37.84554003,WGS84,885683
1724,7.3,SWBD,-84.70999445,37.72138598,WGS84,1827856
1725,8.2,SWBD,-89.45186199,37.80532199,WGS84,13786766
1726,3.3,SWBD,-82.7132396,37.70868001,WGS84,886795
1727,27.9,SWBD,-89.08685321,37.71729794,WGS84,13786846
1728,6.4,SWBD,-89.28196462,37.63728719,WGS84,13786914
1729,3.2,SWBD,-89.14276026,37.62967299,WGS84,13786918
1730,2.1,SWBD,-89.09241214,37.62458996,WGS84,13786916
1731,7.9,SWBD,-88.91810813,37.59457155,WGS84,10147849
1732,15.7,SWBD,-86.43881524,37.60144996,WGS84,11621370
1733,1.5,SWBD,-81.80723265,37.60789961,WGS84,6935732
1734,3.5,SWBD,-76.90674829,37.43885112,WGS84,10064611
1735,2.7,SWBD,-82.38260581,37.42454104,WGS84,1089115
1736,6.1,SWBD,-77.6709997,37.42992887,WGS84,8608813
1737,2.2,SWBD,-79.95380551,37.38493649,WGS84,8627409
1739,2.2,SWBD,-83.45347224,37.30514093,WGS84,487998
1740,18,SWBD,-86.18181387,37.33075277,WGS84,4005048
1741,30.8,SWBD,-85.29281005,37.24900824,WGS84,4003170
1742,2.8,SWBD,-82.37530681,37.21799226,WGS84,1089159
1743,0.4,SWBD,-80.17497824,37.22539578,WGS84,8628485
1744,1.8,SWBD,-82.99035873,37.23016084,WGS84,454694
1745,9,SWBD,-77.6022457,37.25045705,WGS84,8608999
1746,1.7,SWBD,-84.18157008,37.19271402,WGS84,2081622
1747,68.6,McGill,-88.30677887,37.39912941,WGS84,11868782
1748,8.9,SWBD,-79.452346,37.05138185,WGS84,8627733
1749,1.9,SWBD,-87.04351616,37.05673855,WGS84,11630363
1750,14.6,SWBD,-80.65921764,37.03569604,WGS84,6884732
1751,71.1,SWBD,-79.63268545,37.07282428,WGS84,8627757
1752,255.1,UY,-87.95101717,36.76945692,WGS84,11880728
1753,574.8,UY,-88.04975819,36.37365783,WGS84,10580559
1754,19,SWBD,-84.21872434,36.96331949,WGS84,10191990
1755,32,SWBD,-86.06924011,36.87397373,WGS84,4037092
1756,159.5,SWBD,-84.89451031,36.92479626,WGS84,3575866
1757,5.8,SWBD,-76.617114,36.81634869,WGS84,10055844
1758,8.2,SWBD,-80.06074987,36.80885385,WGS84,8675525
1759,0.9,SWBD,-83.70158089,36.68171453,WGS84,10190052
1760,12.9,SWBD,-76.46975295,36.60285317,WGS84,10476589
1762,89.6,SWBD,-85.30865847,36.58277583,WGS84,10181611
1763,22.4,SWBD,-82.04043166,36.55493278,WGS84,19753499
1764,68.9,SWBD,-77.98471376,36.53120256,WGS84,12047944
1765,10.4,SWBD,-82.38513892,36.44542607,WGS84,936010034
1766,27.3,SWBD,-89.40232544,36.38148531,WGS84,938010261
1767,21.4,SWBD,-82.03085568,36.3295191,WGS84,19745238
1768,58.4,SWBD,-86.51238057,36.29924692,WGS84,18415999
1769,2.6,SWBD,-79.68880584,36.29163869,WGS84,8891518
1770,88,SWBD,-83.91711394,36.31631352,WGS84,14642725
1771,5.5,SWBD,-79.76275666,36.18093349,WGS84,8891632
1772,2.7,SWBD,-79.41727964,36.20411719,WGS84,8891566
1773,2.9,SWBD,-79.85651113,36.16801629,WGS84,8891692
1774,71.1,SWBD,-83.36273335,36.25286769,WGS84,22180504
1776,5.2,SWBD,-81.26619531,36.11880692,WGS84,9251770
1777,59.6,SWBD,-85.74259371,36.00682351,WGS84,18421593
1778,3.6,SWBD,-79.53346106,36.03867239,WGS84,8891504
1779,2.5,SWBD,-79.99569483,36.01728756,WGS84,8866564
1780,0.8,SWBD,-79.94489673,36.00376518,WGS84,8866568
1782,38.4,SWBD,-78.70687525,36.02375271,WGS84,933020075
1783,17.5,SWBD,-84.21872851,35.96767449,WGS84,14644099
1784,2.3,SWBD,-80.18245936,35.89252605,WGS84,9223533
1785,1.4,SWBD,-85.0697051,35.86901256,WGS84,19713233
1786,13.2,SWBD,-81.29770421,35.79895064,WGS84,9754012
1787,4.1,SWBD,-85.57556116,35.80144286,WGS84,18432931
1788,99.8,SWBD,-84.16214088,35.7175133,WGS84,22132779
1790,3.8,SWBD,-81.10841756,35.77772359,WGS84,9754016
1791,24.5,SWBD,-81.89317321,35.75107504,WGS84,9752880
1792,0.1,SWBD,-87.11497599,35.70263899,WGS84,25814893
1793,0.9,SWBD,-83.03468316,35.68309413,WGS84,22152013
1794,3.2,SWBD,-88.42127437,35.6823918,WGS84,19544768
1795,1.3,SWBD,-82.33852283,35.66754602,WGS84,22162024
1796,37,SWBD,-79.03261399,35.72447485,WGS84,8898028
1797,120.5,SWBD,-84.67343921,35.75730866,WGS84,22134331
1798,39.4,SWBD,-80.28606208,35.65498632,WGS84,9223755
1799,1.6,SWBD,-83.96023726,35.48899232,WGS84,19721367
1800,10.6,SWBD,-86.20605382,35.45792875,WGS84,19534830
1801,24.9,SWBD,-83.65187341,35.43299618,WGS84,19736643
1802,1.8,SWBD,-83.89181449,35.45719929,WGS84,19721391
1803,4.3,SWBD,-80.70842584,35.45391896,WGS84,9202163
1805,2.8,SWBD,-82.19884636,35.43629808,WGS84,12037819
1806,22.1,SWBD,-80.10654657,35.45663192,WGS84,9224691
1808,1,SWBD,-76.79738268,35.35280641,WGS84,1970695
1809,7.1,SWBD,-80.95372838,35.35447521,WGS84,9755528
1810,13.6,SWBD,-86.06252174,35.31208756,WGS84,19608287
1811,4.8,SWBD,-81.45527397,35.29688448,WGS84,12035489
1812,1.3,SWBD,-83.056314510000007,35.23611524,WGS84,19730740
1813,3.1,SWBD,-79.59631959,35.24593924,WGS84,9125224
1814,19.2,SWBD,-80.08321351,35.27639011,WGS84,9211952
1815,4.9,SWBD,-83.66080154,35.17685765,WGS84,19736833
1816,5,SWBD,-83.14567684,35.17273011,WGS84,19730770
1817,3.4,SWBD,-84.2458001,35.16240169,WGS84,19678295
1818,12.4,SWBD,-84.13727163,35.12384302,WGS84,19678407
1819,3.9,SWBD,-82.39648398,35.15143006,WGS84,9866134
1820,1.9,SWBD,-82.94305037,35.13102603,WGS84,11748043
1821,5.6,SWBD,-82.06067772,35.10902272,WGS84,12037907
1822,111,SWBD,-85.03769242,35.30805575,WGS84,19695241
1823,6.1,SWBD,-84.61299398,35.09658792,WGS84,19667987
1824,155.7,SWBD,-88.044108,34.88922498,WGS84,25314069
1825,1.8,SWBD,-82.68454839,35.06330718,WGS84,9866162
1826,2.8,SWBD,-81.88462129,35.08032956,WGS84,12035703
1827,36.1,SWBD,-81.0414471,35.10969049,WGS84,9756942
1828,21.5,SWBD,-83.77536461,34.99078409,WGS84,19680001
1829,39.1,SWBD,-85.46699773,35.0498742,WGS84,19695945
1830,3,SWBD,-82.30905946,35.01157851,WGS84,9698321
1831,8.8,SWBD,-79.89280062,35.01785926,WGS84,9211360
1832,29.2,SWBD,-82.93904087,34.99225426,WGS84,11749803
1833,7.2,SWBD,-84.0763285,34.93229404,WGS84,19680569
1834,9.4,SWBD,-84.2667041,34.85361217,WGS84,19669395
1836,58.5,SWBD,-82.92012552,34.80323407,WGS84,11749985
1837,9,SWBD,-83.5533489,34.8310571,WGS84,6269348
1838,2.1,SWBD,-83.43947574,34.76379087,WGS84,6269416
1839,1.7,SWBD,-83.35315334,34.7271162,WGS84,6269458
1840,1,SWBD,-83.34501988,34.69381647,WGS84,6269476
1841,9.9,SWBD,-84.63752092,34.61302034,WGS84,6479571
1842,9,SWBD,-80.88735818,34.64162168,WGS84,9736600
1843,12.5,SWBD,-87.92696866,34.52926601,WGS84,19566898
1844,2.5,SWBD,-80.87763101,34.55443214,WGS84,9736634
1845,25.2,SWBD,-88.31282167,34.57571742,WGS84,18692283
1846,5,SWBD,-87.94863968,34.44497394,WGS84,19569440
1847,166.9,SWBD,-86.19566852,34.47035115,WGS84,19650220
1848,118.6,SWBD,-89.67564098,34.46830119,WGS84,15290238
1849,8,SWBD,-80.15529227,34.43959173,WGS84,9177384
1850,1.4,SWBD,-85.30501382,34.36379122,WGS84,6489362
1852,43.7,SWBD,-80.81064344,34.41163179,WGS84,9718371
1853,26.9,SWBD,-81.31303188,34.33553927,WGS84,9708028
1854,1.6,SWBD,-84.59475695,34.30099242,WGS84,6498796
1855,4.2,SWBD,-87.66827794,34.29530682,WGS84,19569546
1856,5.4,SWBD,-88.42137699,34.29832823,WGS84,18696329
1857,11.7,SWBD,-81.35853457,34.30684859,WGS84,9707906
1858,3.2,SWBD,-82.59218161,34.28872712,WGS84,11737677
1859,1.4,SWBD,-86.80527735,34.20650058,WGS84,18589236
1861,36.8,SWBD,-82.01133036,34.25051586,WGS84,9871412
1862,36.2,SWBD,-84.65223176,34.1456322,WGS84,6499032
1864,59,SWBD,-89.80626384,34.15339066,WGS84,15276780
1865,9.6,SWBD,-88.39985133,34.11567357,WGS84,18695469
1867,62.6,SWBD,-87.12722667,34.0371111,WGS84,18580339
1868,5.6,SWBD,-88.5273523,33.85609267,WGS84,18698527
1869,107.5,SWBD,-89.69365345,33.84480636,WGS84,18019730
1870,26.3,SWBD,-86.06805258,33.85910295,WGS84,26132819
1871,2.3,SWBD,-83.93957457,33.74232846,WGS84,6331666
1872,131.4,SWBD,-82.27855092,33.73937845,WGS84,11739127
1873,3.4,SWBD,-83.8055797,33.6671631,WGS84,6331138
1874,0.3,SWBD,-87.06030398,33.60699419,WGS84,18567463
1875,0.6,SWBD,-86.97729668,33.56554519,WGS84,18566549
1876,9,SWBD,-88.49078101,33.53794494,WGS84,18698737
1877,2,SWBD,-84.29384545,33.5151849,WGS84,6334322
1878,3,SWBD,-86.65189164,33.46462486,WGS84,21656572
1879,223.3,SWBD,-80.27293462,33.46390014,WGS84,9673564
1880,55.7,SWBD,-86.24078971,33.53606882,WGS84,26132779
1881,3.7,SWBD,-85.04150401,33.42229045,WGS84,3291076
1882,0.8,SWBD,-84.57989488,33.42982518,WGS84,6412902
1883,69.9,SWBD,-83.24333129,33.46830916,WGS84,1055183
1884,2.5,SWBD,-84.21672861,33.33762974,WGS84,6338550
1885,3.2,SWBD,-84.42055382,33.33182415,WGS84,6413436
1886,9.4,SWBD,-83.85790239,33.35961883,WGS84,6336538
1887,1,SWBD,-87.48011751,33.3034003,WGS84,18229761
1888,18.1,SWBD,-87.558389879999993,33.34704215,WGS84,18229631
1889,25,SWBD,-85.59158304,33.30019019,WGS84,22035573
1890,220.9,SWBD,-80.05439613,33.308191,WGS84,9644987
1891,8.8,SWBD,-81.52627941,33.2550091,WGS84,166757149
1892,1.8,SWBD,-84.03072616,33.194221,WGS84,6339622
1893,3.8,SWBD,-81.63295139,33.18197159,WGS84,22724739
1894,37.9,SWBD,-83.23086337,33.21245875,WGS84,1056833
1895,32.4,SWBD,-86.50252552,33.06685947,WGS84,22273576
1897,1.4,SWBD,-83.65520468,32.90892315,WGS84,6340532
1898,5.6,SWBD,-83.80648876,32.83482216,WGS84,6341554
1899,19.7,SWBD,-86.45997423,32.87141217,WGS84,22276470
1900,134,SWBD,-85.90803678,32.78043277,WGS84,22042685
1901,18.6,SWBD,-85.12065588,32.69760485,WGS84,3298722
1902,11.1,SWBD,-86.30059506,32.64523801,WGS84,22276622
1903,3.5,SWBD,-85.08948523,32.63387914,WGS84,3298784
1904,2.9,SWBD,-86.28917434,32.59796928,WGS84,22276644
1905,2.2,McGill,-85.88798664,32.55069727,WGS84,21713310
1906,6.6,SWBD,-85.03176003,32.55143327,WGS84,3298858
1907,3.4,SWBD,-88.50937206,32.48965268,WGS84,18533538
1908,14.2,SWBD,-88.79537886,32.49927752,WGS84,18195387
1909,27.1,SWBD,-83.93511798,31.93982574,WGS84,25327254
1910,126.3,SWBD,-85.10643095,31.78516908,WGS84,3443270
1911,6.1,SWBD,-86.44097753,31.43976765,WGS84,2378807
1912,2.2,SWBD,-85.71644411,31.39710135,WGS84,2189725
1913,3.5,SWBD,-89.56622192,31.20440299,WGS84,15701791
1914,1.8,SWBD,-89.12969133,30.88315715,WGS84,18109246
1915,11,SWBD,-88.33490836,30.74549634,WGS84,18095215
1916,83.5,SWBD,-84.83907732,30.77018709,WGS84,3517838
1917,28.9,SWBD,-84.57111808,30.43273539,WGS84,10365802
1918,12.8,SWBD,-85.18183106,30.19315308,WGS84,2135666
1919,18.6,SWBD,-81.8521604,29.51521407,WGS84,16624800
1921,4.4,SWBD,-81.34142566,28.86862748,WGS84,10997483
1922,31.2,McGill,-81.72780734,28.84680782,WGS84,16636508
1923,0.7,SWBD,-82.29607045,28.85238939,WGS84,16949752
1924,1.8,McGill,-82.28067897,28.76882608,WGS84,16949848
1925,5.7,SWBD,-81.21335129,28.38049428,WGS84,933090045
1926,5.5,SWBD,-80.94928027,28.33520232,WGS84,11003083
1927,35.2,SWBD,-81.2823424,28.2931324,WGS84,933090064
1928,0.8,SWBD,-81.16869671,28.25778139,WGS84,27805138
1929,11.9,SWBD,-81.20953898,28.21035078,WGS84,27805138
1930,64.5,SWBD,-81.38157146,28.2047346,WGS84,21478032
1931,6.3,SWBD,-81.24360741,28.14099403,WGS84,27805140
1932,1.7,SWBD,-81.74209389,28.05556092,WGS84,16801419
1933,2.6,SWBD,-81.69063925,28.05927461,WGS84,16794855
1934,1,SWBD,-81.71113764,28.058476,WGS84,16794855
1935,8.3,SWBD,-81.65300707,28.05090316,WGS84,16794855
1936,18.1,SWBD,-81.83816701,27.9711143,WGS84,933100040
1937,1.7,SWBD,-82.16187478,27.91722679,WGS84,16896736
1938,1.6,SWBD,-81.89366571,27.88474054,WGS84,NA
1939,1.1,GLWD,-81.85164073,27.86158173,WGS84,NA
1940,0.9,SWBD,-81.84387832,27.8541081,WGS84,NA
1941,0.2,SWBD,-81.7816922,27.85391214,WGS84,16802931
1942,1.3,SWBD,-82.0235838,27.83056828,WGS84,16896614
1943,0.4,SWBD,-81.8781508,27.81419949,WGS84,16801621
1944,121.1,SWBD,-81.26550703,27.9071394,WGS84,21484516
1945,1.7,SWBD,-81.99841774,27.80997418,WGS84,16894198
1946,3.6,SWBD,-81.85870208,27.79836964,WGS84,16801621
1947,1.4,SWBD,-82.03425119,27.785435,WGS84,16896668
1948,0.2,SWBD,-81.8253551,27.76388854,WGS84,16801647
1949,0.8,SWBD,-82.08911069,27.74481934,WGS84,16896698
1950,0.1,SWBD,-82.04170002,27.7331855,WGS84,16896686
1951,3.1,SWBD,-81.98589925,27.71873405,WGS84,16801745
1952,1.7,SWBD,-81.92546949,27.7031127,WGS84,16803135
1953,13.3,SWBD,-82.32747321,27.61986537,WGS84,16883592
1954,5,SWBD,-82.32673925,27.4841777,WGS84,16878344
1955,14.5,SWBD,-81.39895606,27.30401354,WGS84,21491938
1956,23.1,SWBD,-80.58633124,27.04179904,WGS84,16715620
1957,1418.8,SWBD,-80.80343709,26.94446346,WGS84,16742581
1958,3.4,SWBD,-80.35163708,26.37735249,WGS84,89748
1959,0.4,McGill,-80.49223349,25.75698161,WGS84,83648
2032,20.7,SWBD,-68.24362934,46.5436851,WGS84,805409
2034,52.2,SWBD,-69.33741323,46.3692813,WGS84,720012
2035,10.6,SWBD,-68.88432724,46.29848315,WGS84,807811
2036,18.5,SWBD,-69.60342629,46.20350635,WGS84,1698778
2037,5.3,SWBD,-69.31462937,46.17914938,WGS84,1712386
2038,52.5,SWBD,-69.27927283,46.21814456,WGS84,1712360
2039,4.6,SWBD,-69.63498932,46.14252466,WGS84,1698838
2040,5.3,SWBD,-69.09557834,46.04059651,WGS84,1698842
2042,4,SWBD,-70.21698549,45.93691478,WGS84,1703596
2043,25.1,SWBD,-69.84539753,45.9134942,WGS84,1702690
2044,110.3,SWBD,-69.34508191,45.98730641,WGS84,1702352
2045,6.4,SWBD,-70.03941958,45.84237101,WGS84,1703624
2046,6.4,SWBD,-69.11698319,45.82396931,WGS84,1702570
2047,9.9,SWBD,-69.37582406,45.82083719,WGS84,1702754
2048,34.4,SWBD,-68.79319496,45.75903529,WGS84,1700490
2049,12.3,SWBD,-69.37865628,45.65462779,WGS84,1022502
2050,63.3,SWBD,-67.79684001,45.71753679,WGS84,5194938
2051,29.1,SWBD,-69.87004724,45.66868003,WGS84,1022622
2052,6.9,SWBD,-67.84893941,45.61844582,WGS84,1981
2053,78.4,SWBD,-68.89133032,45.68016078,WGS84,1700614
2054,10,SWBD,-68.62844723,45.65311883,WGS84,1700570
2056,299.5,SWBD,-69.66139381,45.66541171,WGS84,1022600
2057,6.5,McGill,-68.46446864,45.58867501,WGS84,1731398
2058,68.1,SWBD,-67.58622845,45.60630467,WGS84,5194962
2059,12.7,SWBD,-69.80940354,45.52329849,WGS84,1022732
2062,9.5,SWBD,-69.84094741,45.30683392,WGS84,1025270
2063,27.5,SWBD,-68.92403492,45.37279665,WGS84,1719939
2064,70.8,SWBD,-67.62959122,45.20380662,WGS84,5196922
2065,24.8,SWBD,-69.27530777,45.2763684,WGS84,1723223
2066,4.4,SWBD,-70.074397,45.26254735,WGS84,3319780
2067,63.3,SWBD,-70.30607158,45.19768504,WGS84,1032575
2068,92,SWBD,-67.9057752,45.25377949,WGS84,5196444
2069,4.7,SWBD,-67.42842315,45.1952149,WGS84,5196826
2070,3.8,SWBD,-71.17223729,45.15503701,WGS84,4592351
2071,21.1,SWBD,-68.15130122,45.08157743,WGS84,1734104
2072,7.2,SWBD,-70.72149719,45.09474257,WGS84,19333337
2073,5.9,SWBD,-67.69737133,45.05872747,WGS84,5199630
2074,10.7,SWBD,-71.24891737,45.09266242,WGS84,4592381
2075,13.4,McGill,-69.95514559,45.13630225,WGS84,3319146
2076,6.4,SWBD,-71.32997067,45.04206511,WGS84,4592387
2077,26.7,SWBD,-67.38109006,45.07208007,WGS84,2674208
2078,163.3,GLWD,-74.97435462,44.95644133,WGS84,25293390
2079,25.5,SWBD,-70.69438556,44.945403399999996,WGS84,19333969
2080,25.7,SWBD,-70.99833801,45.01787384,WGS84,19333185
2081,12.5,SWBD,-67.41064898,44.94924716,WGS84,2677796
2083,14.7,SWBD,-69.51691815,44.92319355,WGS84,3321826
2084,59.5,SWBD,-70.8034798,44.91510697,WGS84,166421075
2085,17.9,SWBD,-69.24212622,44.85894681,WGS84,3321832
2086,2.1,McGill,-69.8736978,44.8377802,WGS84,3322008
2087,31.8,McGill,-71.04590078,44.76479554,WGS84,19334541
2088,28.8,SWBD,-70.88590838,44.83082516,WGS84,19334021
2089,7,SWBD,-73.81829167,44.74711586,WGS84,9521451
2090,3.9,McGill,-69.80782211,44.74540639,WGS84,3322190
2091,21,SWBD,-67.35806367,44.79221895,WGS84,2678024
2092,1.8,SWBD,-74.34399187,44.71406159,WGS84,25517320
2093,2.1,SWBD,-72.51952077,44.63099679,WGS84,4586708
2094,35.7,SWBD,-68.39794589,44.65557712,WGS84,2681322
2095,2.1,SWBD,-70.25077743,44.5968129,WGS84,3323572
2096,15.1,SWBD,-69.79479569,44.4742339,WGS84,3325372
2097,33.9,SWBD,-69.84448526,44.53755912,WGS84,3322528
2098,1.3,SWBD,-74.11354869,44.51845814,WGS84,9522561
2099,5.4,SWBD,-68.98661177,44.54869024,WGS84,2681542
2100,2.3,SWBD,-74.79036964,44.50881891,WGS84,15471561
2101,5.3,SWBD,-73.9386466,44.48410719,WGS84,9523085
2102,2.4,SWBD,-74.75575585,44.48231246,WGS84,15467489
2103,3.1,SWBD,-73.85694439,44.48521192,WGS84,9528423
2104,12.2,McGill,-74.73289198,44.40663309,WGS84,15471543
2105,2.8,SWBD,-70.68033697,44.39577806,WGS84,6712687
2106,2.8,SWBD,-72.75237684,44.3947419,WGS84,4578066
2108,1.3,SWBD,-72.28650687,44.35711537,WGS84,4578054
2110,7.9,SWBD,-73.97444469,44.32196387,WGS84,9528081
2111,20.9,SWBD,-69.92501783,44.26889864,WGS84,3325610
2112,18.4,SWBD,-74.32068144,44.29454994,WGS84,9524835
2113,26.5,SWBD,-74.5045506,44.19063967,WGS84,15467775
2114,2.4,SWBD,-69.55842379,44.21689607,WGS84,5203696
2115,24.6,SWBD,-74.83012271,44.16957294,WGS84,15490112
2118,10.9,McGill,-70.20030202,44.19676138,WGS84,6712559
2119,10.8,SWBD,-70.91022977,44.19452587,WGS84,9311219
2120,8.9,SWBD,-70.25230898,44.14686001,WGS84,6712583
2121,0.8,McGill,-74.66092785,44.11428445,WGS84,15467875
2122,17.6,SWBD,-69.48660758,44.14785585,WGS84,5204096
2123,4,SWBD,-70.93250421,44.00634012,WGS84,9311289
2124,23.6,SWBD,-70.64568674,44.02500413,WGS84,6719237
2125,4.7,SWBD,-74.57897547,43.90248776,WGS84,15469473
2126,118.7,SWBD,-70.54776814,43.85507624,WGS84,6722325
2127,113.4,SWBD,-73.58041284,43.60040421,WGS84,10312840
2128,2.8,SWBD,-71.0921259,43.80081317,WGS84,9316539
2129,16,SWBD,-74.32975472,43.68612484,WGS84,22306709
2130,26.8,SWBD,-71.52479276,43.75042769,WGS84,6731415
2131,2.5,SWBD,-72.91092679,43.73109494,WGS84,22221073
2132,4.3,SWBD,-74.92067883,43.71847938,WGS84,15511394
2133,6.2,SWBD,-73.70215252,43.71637601,WGS84,22304825
2134,21.9,GLWD,-73.77825895,43.77622708,WGS84,22304773
2135,3.3,McGill,-72.28175712,43.71103023,WGS84,9326986
2136,0.4,SWBD,-70.60656868,43.67530294,WGS84,9314521
2137,2.4,SWBD,-73.85689229,43.67782545,WGS84,22304869
2138,4.2,SWBD,-72.14732669,43.62726795,WGS84,166174544
2139,3.2,SWBD,-71.52423097,43.65838374,WGS84,166181875
2140,17.4,SWBD,-71.76799931,43.6597654,WGS84,6731531
2141,1.7,McGill,-71.6848687,43.60297349,WGS84,6730725
2142,4.2,SWBD,-74.98522843,43.59781395,WGS84,15511500
2143,1.4,SWBD,-70.56652683,43.5855895,WGS84,9314653
2144,6.5,SWBD,-70.97625893,43.58229675,WGS84,5842808
2145,181.8,McGill,-71.34570032,43.61585,WGS84,6738768
2146,3.1,SWBD,-70.86351027,43.52141602,WGS84,166174213
2147,16.8,SWBD,-71.51138307,43.53639139,WGS84,6738876
2148,4.7,SWBD,-71.15651674,43.48803299,WGS84,6741586
2149,13.5,McGill,-71.69413931,43.52682054,WGS84,6731703
2150,4.3,SWBD,-70.96919936,43.44206068,WGS84,5845740
2151,15.8,SWBD,-72.05408522,43.38053776,WGS84,9331274
2152,97.6,SWBD,-74.14684691,43.1701401,WGS84,22297368
2153,1.5,SWBD,-73.90141718,43.30621735,WGS84,22294820
2154,1.4,McGill,-73.7362773,43.25958398,WGS84,22288395
2155,0.4,McGill,-72.25126193,43.26788876,WGS84,9331458
2156,4.3,SWBD,-71.17991053,43.24737515,WGS84,5848528
2157,2.6,McGill,-73.77999306,43.23540628,WGS84,22288407
2158,1.8,McGill,-71.717008860000007,43.18009259,WGS84,6762054
2159,0.2,SWBD,-74.58087856,43.14713488,WGS84,22741455
2160,3.4,McGill,-72.44810594,43.17373793,WGS84,9331534
2161,1.9,SWBD,-71.954129,43.09827253,WGS84,6762108
2162,5.5,SWBD,-74.41134695,43.1144859,WGS84,22741463
2163,17,McGill,-73.73537196,43.02388316,WGS84,22288511
2164,2.5,SWBD,-71.14486932,43.08878689,WGS84,5848654
2165,10.2,McGill,-71.37242953,42.98751518,WGS84,6745614
2166,4.6,SWBD,-72.94371405,43.00172589,WGS84,10293600
2167,3,McGill,-73.65412312,42.93372961,WGS84,22290453
2168,6.5,SWBD,-73.54917307,42.84574294,WGS84,22290537
2169,2.2,McGill,-73.8610023,42.82194297,WGS84,22744315
2170,10.5,McGill,-73.77128733,42.79663432,WGS84,22744209
2171,5.2,SWBD,-72.8980518,42.82854268,WGS84,10295176
2172,4.7,GLWD,-72.51742472,42.78486999,WGS84,9332552
2173,2.4,SWBD,-71.99647328,42.71829461,WGS84,9342807
2174,16.3,SWBD,-74.89667097,42.76233591,WGS84,8084455
2175,2.9,McGill,-71.22217554,42.68260663,WGS84,6745530
2176,0.6,SWBD,-72.44128181,42.61352959,WGS84,6778571
2177,5.4,SWBD,-73.94686148,42.48097438,WGS84,6189064
2178,0.9,SWBD,-74.4542853,42.44478525,WGS84,3247586
2179,1.2,SWBD,-74.42714564,42.44507149,WGS84,3247622
2180,16.4,SWBD,-71.73401369,42.38048445,WGS84,6078827
2181,3.9,SWBD,-74.44111418,42.36858108,WGS84,3247602
2182,1.3,SWBD,-71.9192347,42.34645723,WGS84,6078903
2183,0.3,SWBD,-71.15796784,42.33514572,WGS84,5867717
2184,1.3,SWBD,-73.31806575,42.33601671,WGS84,7710352
2185,4.4,SWBD,-71.5145898,42.316584,WGS84,6773189
2186,96.1,SWBD,-72.3051654,42.39351236,WGS84,7691915
2187,1,SWBD,-73.80737422,42.29329061,WGS84,6189172
2188,0.9,SWBD,-72.88606224,42.27722347,WGS84,6097381
2189,1.4,SWBD,-72.78208764,42.22748732,WGS84,6782195
2190,3.7,SWBD,-73.04142272,42.1517994,WGS84,6107185
2191,4,SWBD,-72.91108927,42.13632305,WGS84,6097499
2192,19.7,SWBD,-74.86184929,42.08987098,WGS84,1748763
2193,0.8,McGill,-73.02597279,41.99685696,WGS84,6111463
2194,1.4,SWBD,-71.39876732,41.99795239,WGS84,6119244
2196,1.7,SWBD,-73.09110863,41.90586686,WGS84,6111197
2197,8.7,SWBD,-72.95315778,41.96241792,WGS84,6109523
2198,1,SWBD,-72.95828751,41.89458959,WGS84,6109563
2199,1.8,SWBD,-72.42743978,41.8842449,WGS84,7700920
2200,4.1,SWBD,-74.65683622,41.83834884,WGS84,166754161
2201,7.5,SWBD,-74.47057113,41.82518255,WGS84,6200400
2202,3.1,SWBD,-72.94587195,41.81135733,WGS84,6109629
2203,1.2,SWBD,-73.31109988,41.75722558,WGS84,7713916
2204,3.1,SWBD,-74.78344237,41.61096586,WGS84,4148248
2205,1.5,SWBD,-74.75896452,41.4987274,WGS84,4151312
2206,0.7,SWBD,-73.75000145,41.45824481,WGS84,6228472
2207,20.3,SWBD,-73.45398754,41.5021115,WGS84,7714206
2208,1.4,SWBD,-73.5854156,41.41606663,WGS84,932030029
2209,3.6,SWBD,-73.70236531,41.42481115,WGS84,6228502
2210,1.8,SWBD,-73.58053133,41.39680493,WGS84,6228512
2211,1.5,SWBD,-73.64331159,41.40344938,WGS84,6228538
2212,3.2,SWBD,-74.98793175,41.37471127,WGS84,4151558
2213,2.3,SWBD,-73.73933668,41.38043203,WGS84,6228592
2214,3.8,SWBD,-73.66521175,41.37491973,WGS84,6228576
2215,0.2,SWBD,-72.61183925,41.36710607,WGS84,6178638
2216,3.7,SWBD,-72.77591951,41.34949691,WGS84,6178154
2217,2.4,SWBD,-73.62808038,41.33056061,WGS84,6228650
2218,2,SWBD,-73.74388946,41.30604803,WGS84,6228808
2219,3.2,SWBD,-73.63800224,41.25702691,WGS84,6228846
2220,2.9,SWBD,-73.36683737,41.26727196,WGS84,7733515
2221,1.7,SWBD,-73.26694941,41.26424864,WGS84,7733479
2222,10.1,SWBD,-73.76964885,41.25134434,WGS84,6228310
2223,7.2,SWBD,-74.32246305,41.18476878,WGS84,26900408
2224,2.1,SWBD,-74.30752116,41.12822972,WGS84,6246530
2225,3.6,SWBD,-73.96104483,41.13862417,WGS84,6244508
2226,1.5,SWBD,-74.45078119,41.08386975,WGS84,6246730
2227,7.7,SWBD,-73.7458826,41.08896459,WGS84,6240387
2228,8.3,SWBD,-74.29087522,41.07420562,WGS84,6246688
2229,1.6,SWBD,-74.49672073,41.0558876,WGS84,6246796
2230,1.2,SWBD,-74.43132809,41.02458174,WGS84,6246860
2231,3.6,SWBD,-73.99166838,41.03225407,WGS84,6244534
2232,1.6,SWBD,-74.24790968,40.97373714,WGS84,6251424
2233,2,SWBD,-74.44372716,40.97781894,WGS84,6251032
2234,2.1,SWBD,-74.00706523,40.96871186,WGS84,6250926
2235,9.2,SWBD,-74.63800517,40.94797274,WGS84,2586925
2236,3,SWBD,-74.4080987,40.88225264,WGS84,6251176
2237,1.8,SWBD,-74.10723497,40.77979651,WGS84,6250780
2238,4.9,SWBD,-74.93147763,40.65293821,WGS84,9513996
2239,8.6,SWBD,-74.82550462,40.61581293,WGS84,9514092
2240,0.1,SWBD,-74.58019436,40.23121106,WGS84,2590131
2241,2.8,SWBD,-74.20851224,40.17772901,WGS84,9441151
2242,2.7,SWBD,-74.78690372,40.14048212,WGS84,4481827
2252,2.6,SWBD,-66.9166045,18.37788379,WGS84,800032887
2254,1,SWBD,-66.23325057,18.33242857,WGS84,800027278
2255,1.2,SWBD,-66.66317781,18.32551125,WGS84,800026702
2256,1.9,SWBD,-66.65258905,18.26008101,WGS84,800028817
2257,2.1,SWBD,-66.47385021,18.10258031,WGS84,800037649
2258,0.7,SWBD,-66.10012627,18.07374666,WGS84,800029561
2259,0.9,SWBD,-66.02143565,18.02372646,WGS84,800038278
