GRAND_ID,AREA_SKM,POLY_SRC,lon,lat
1,2.1,SWBD,-153.0200815,57.63707037
3,4.4,SWBD,-135.1635155,57.07340831
4,3.9,SWBD,-135.0657225,56.98023918
5,5.3,SWBD,-133.7754638,58.18657869
8,5.1,SWBD,-131.2868517,55.61636862
10,0.8,SWBD,-131.5325121,55.37733748
11,2.1,SWBD,-131.6263662,55.38143924
40,18.6,SWBD,-122.3357203,48.72412339
41,35,SWBD,-121.0490668,48.85301928
42,2.6,SWBD,-121.1084852,48.70765753
43,17.6,SWBD,-121.6409764,48.70902193
44,7.1,SWBD,-121.7237351,48.58536222
47,5.7,SWBD,-121.6424598,47.97366046
48,1.6,SWBD,-121.8447789,47.95920883
49,127.7,SWBD,-120.3543525,48.03666927
50,4,SWBD,-121.6575527,47.70121495
51,12.9,SWBD,-123.2506958,47.46818873
52,6.8,McGill,-121.6977277,47.39027063
53,2.7,SWBD,-122.1242514,47.41983583
54,3,SWBD,-123.5875,47.40360406
55,9.2,SWBD,-121.3687348,47.34969927
56,1.6,SWBD,-121.7685473,47.27367533
57,16.9,SWBD,-121.2283213,47.31605101
58,16.7,SWBD,-121.1023054,47.28750438
59,7.8,SWBD,-122.1663757,47.22199062
60,4.8,SWBD,-121.3273538,46.85043566
61,10,SWBD,-122.2661782,46.77893475
62,1.9,SWBD,-122.6894019,46.78619932
63,8.2,SWBD,-121.1744928,46.63944156
64,38.4,SWBD,-122.2985417,46.49056376
65,7.4,SWBD,-122.5495879,46.53506053
66,1.1,SWBD,-122.0932825,46.4764315
67,1.8,SWBD,-122.5420895,46.35076658
68,16.7,SWBD,-122.1153898,46.05594286
69,0.2,SWBD,-123.366088,46.03579566
70,13.6,SWBD,-122.3124204,46.01136827
71,1.3,SWBD,-122.0648423,45.4859485
72,4,SWBD,-123.2189325,45.48413327
73,1.7,SWBD,-121.8305771,45.45484313
74,1.2,SWBD,-122.1356929,45.45064924
75,1.3,SWBD,-123.3837609,45.44057528
76,1.3,SWBD,-122.6947685,45.40981292
77,0.9,SWBD,-122.2623009,45.23614381
78,1.9,SWBD,-121.7082022,45.18064013
79,5.5,SWBD,-121.7856439,45.12109475
80,8.5,SWBD,-122.1979729,44.70681377
81,1.6,SWBD,-121.2527891,44.66173749
82,15.2,SWBD,-121.326685,44.57657185
83,11.1,SWBD,-122.4845627,44.47685025
84,1,SWBD,-121.7410468,44.42152941
85,3.2,SWBD,-122.6480269,44.41517216
86,0.6,SWBD,-122.0460895,44.31701928
87,3,SWBD,-120.6942256,44.30408926
88,2.4,SWBD,-122.2889858,44.1817789
89,2.8,SWBD,-122.2322499,44.10593891
90,26.7,SWBD,-123.2957306,44.08827664
91,8.5,SWBD,-120.7258976,44.12238907
92,3.3,SWBD,-122.7312525,43.94960448
93,3.4,SWBD,-122.7891106,43.91467907
94,11.5,SWBD,-122.6867298,43.8753954
95,12,SWBD,-124.089797,43.8758479
96,6.4,SWBD,-124.1174554,43.80067416
97,4.2,SWBD,-122.9318792,43.77675045
98,18.3,SWBD,-121.7994861,43.78684741
99,2.5,SWBD,-123.0637677,43.70619211
100,7.4,SWBD,-122.4247114,43.67750457
101,37.8,SWBD,-121.7312992,43.67845238
102,15.1,SWBD,-121.9902346,43.47752989
103,1.4,SWBD,-122.1845118,43.31203387
104,0.8,SWBD,-123.5647647,43.04605538
105,8.1,SWBD,-121.0861636,42.94157766
106,1.5,SWBD,-123.1656525,42.84469974
107,11.3,SWBD,-122.6453765,42.68455433
108,2.7,SWBD,-122.2552742,42.46723186
109,1.8,SWBD,-120.5143968,42.2562664
110,276.6,SWBD,-121.9277335,42.41250796
111,6.4,SWBD,-122.3975787,42.22696987
112,13.2,SWBD,-121.1026366,42.19803233
113,3,SWBD,-122.4538495,42.18635294
114,2.2,SWBD,-122.6082967,42.14907734
115,13.7,SWBD,-120.6628116,42.16602347
116,2.2,SWBD,-123.1336181,42.03855377
117,3.7,SWBD,-122.304895,41.97986441
118,3.7,SWBD,-122.420733,41.95969813
120,17.3,SWBD,-120.6520196,41.60267653
121,5.5,SWBD,-122.3946886,41.51785593
122,1.5,SWBD,-122.3404543,41.28297319
123,3,SWBD,-120.4007056,41.2015523
124,1.7,SWBD,-122.0792582,41.14913281
125,10.1,SWBD,-120.3979883,41.09012519
126,1.3,SWBD,-121.9817503,41.04939736
127,2.9,SWBD,-121.6517763,41.02743102
128,2.1,SWBD,-120.1431165,40.97991614
129,0.7,SWBD,-121.9760615,40.85348315
130,1.5,SWBD,-120.7919157,40.84292519
131,56.3,SWBD,-122.7262821,40.9045182
132,102.4,SWBD,-122.3109478,40.78407135
133,11.1,SWBD,-122.5560884,40.62416624
134,6.8,SWBD,-120.95366,40.46886054
135,4.3,SWBD,-123.4007749,40.33504119
136,18.7,SWBD,-120.9634155,40.27141316
137,3,SWBD,-120.5922914,40.1827255
138,102.9,SWBD,-121.1498998,40.24828538
139,6.1,SWBD,-121.1711591,40.14210831
140,6.9,SWBD,-121.1855058,39.88944484
141,5.3,SWBD,-120.1964834,39.91385854
142,17.8,SWBD,-120.5121729,39.91420682
143,0.7,SWBD,-121.5803183,39.85790697
144,10.3,SWBD,-122.3627754,39.79399033
145,5.9,SWBD,-120.9886748,39.72912269
146,4.1,SWBD,-122.5263249,39.56151153
147,2.2,SWBD,-121.107276,39.59402685
148,45.6,SWBD,-121.4453441,39.58608847
149,2.1,SWBD,-121.6096319,39.52297755
150,3.8,SWBD,-120.545517,39.49579071
151,12.9,SWBD,-120.1362414,39.47790198
152,12.5,SWBD,-121.6699185,39.47503764
153,2.7,SWBD,-120.3092804,39.442132
154,2.9,SWBD,-120.63721,39.45224068
155,1.3,SWBD,-120.534169,39.41638263
156,7.4,SWBD,-122.9469057,39.42347231
157,2,SWBD,-120.0969499,39.40261095
158,14.5,SWBD,-121.1321799,39.43970904
159,2,SWBD,-120.4778896,39.3887727
160,1.3,SWBD,-120.1526663,39.38044904
161,6.1,SWBD,-122.5051053,39.34508606
162,1.9,SWBD,-120.6311103,39.33482733
163,0.2,SWBD,-120.113594,39.32150483
164,3.4,SWBD,-121.3163859,39.3377925
165,3.2,SWBD,-120.2654893,39.32270604
166,1,SWBD,-120.5832421,39.29854637
167,2.5,SWBD,-120.9176637,39.27698391
168,2.8,SWBD,-121.2498432,39.27025281
169,6.7,SWBD,-123.1735482,39.21532324
170,495.6,SWBD,-120.0335515,39.09591142
171,2.4,SWBD,-120.942302,39.15110351
172,4.8,SWBD,-120.4425895,39.11316391
173,14,SWBD,-122.5401584,39.12299773
174,3.1,SWBD,-120.3977564,39.07552625
175,6.6,SWBD,-121.295665,39.04776965
176,4.7,SWBD,-120.3117914,38.99579623
177,1.3,SWBD,-120.5916227,38.89899249
178,8,SWBD,-120.4087461,38.87095156
179,2.6,SWBD,-120.3435659,38.8247042
180,8.8,SWBD,-123.0535043,38.73315911
181,2.4,SWBD,-120.5555671,38.72329948
182,33.7,SWBD,-121.1245494,38.73924134
183,2.4,SWBD,-120.0455664,38.69868976
184,2.1,SWBD,-120.241603,38.54368026
185,66.3,SWBD,-122.2253263,38.58642622
186,1.6,SWBD,-120.1924414,38.4980499
187,2.8,SWBD,-122.3722942,38.48950122
188,1.2,SWBD,-122.128467,38.36386738
189,1.1,SWBD,-120.8785222,38.30746032
190,8.2,SWBD,-120.8371795,38.26794675
191,28.1,SWBD,-120.9669952,38.22422893
192,1.8,SWBD,-120.0630054,38.21283122
193,14.8,SWBD,-120.7868585,38.16083015
194,0.7,SWBD,-122.775306,38.1484811
195,3.2,SWBD,-122.7389839,38.08330125
196,4.5,SWBD,-120.7529152,38.03463766
197,0.3,SWBD,-122.7009076,37.9916427
198,43.2,SWBD,-120.509181,37.99147243
199,0.4,SWBD,-120.4463835,37.94741986
200,2.1,SWBD,-122.2451503,37.92947286
201,0.7,McGill,-122.6282901,37.94829997
202,2,SWBD,-122.1993851,37.92355389
203,7,SWBD,-120.9165874,37.90638962
204,3.2,SWBD,-120.5876989,37.89479712
205,5.5,SWBD,-120.8618827,37.85261991
206,9.4,SWBD,-121.5754834,37.83916494
207,5.3,SWBD,-121.7377817,37.82010343
208,1.4,SWBD,-122.1102625,37.77628473
209,0.8,SWBD,-122.1099679,37.7271563
211,6.2,SWBD,-120.663124,37.66985427
212,7.9,SWBD,-120.5723929,37.6099883
213,2.5,SWBD,-121.7219898,37.59913247
214,19.3,SWBD,-120.2515658,37.63174649
215,1.6,SWBD,-122.4258856,37.59573986
216,2.8,SWBD,-121.8288214,37.57975511
217,3.7,SWBD,-122.3518581,37.51173882
218,0.7,SWBD,-120.2976963,37.5204421
219,5.2,SWBD,-121.8186133,37.47112107
221,1.1,SWBD,-121.7798265,37.18263285
222,3.9,SWBD,-121.6208409,37.17196289
223,1.8,SWBD,-121.5392917,37.09659897
224,0.4,SWBD,-122.0662286,37.11186402
225,8.7,SWBD,-121.049146,37.08047548
226,48.8,SWBD,-121.1204483,37.0580265
227,0.9,SWBD,-121.7004679,37.07349032
228,1.5,SWBD,-120.9445339,36.98507574
229,1.7,SWBD,-120.8256111,36.38630269
230,18.4,SWBD,-120.9642301,35.84288241
231,15.9,SWBD,-120.9442969,35.7433568
232,2,SWBD,-120.8743919,35.45555592
233,1.8,SWBD,-120.4788254,35.32885351
234,2.4,SWBD,-120.4769826,35.19664177
289,2,McGill,-117.5946492,49.00042377
290,0.9,SWBD,-117.3470249,48.97954676
291,22.5,SWBD,-119.4370266,48.97763368
292,3.9,SWBD,-113.570015,48.8179893
293,11.3,SWBD,-109.9826157,48.64767755
294,1.4,SWBD,-119.7509669,48.54492799
295,14,SWBD,-107.55988,48.50039548
296,2.9,SWBD,-113.2949907,48.50242947
297,97.9,SWBD,-115.2423232,48.72413979
298,2.7,SWBD,-112.7101549,48.35034553
299,75.3,SWBD,-113.8005709,48.20270588
300,65.2,SWBD,-111.2603057,48.34791065
301,17.9,SWBD,-112.2639452,48.28648212
302,7,SWBD,-118.3843329,48.27419161
303,0.5,SWBD,-117.2940144,48.22412132
304,11,SWBD,-114.6097561,48.20377065
305,360.3,SWBD,-116.4372863,48.15663988
306,0.9,SWBD,-112.8806146,48.15481069
307,814.2,SWBD,-106.8013123,47.77124333
308,11.8,SWBD,-112.4344447,47.94565648
309,23.1,SWBD,-115.6760528,47.89354595
310,269.2,SWBD,-118.3635999,48.14612271
311,106.6,SWBD,-119.1913273,47.80646649
312,1.6,SWBD,-114.7369031,47.94117963
313,18.8,SWBD,-117.7055193,47.83773446
314,4.5,SWBD,-117.1004832,47.77706334
315,125.5,SWBD,-116.7964527,47.5322972
316,486.6,SWBD,-114.1333031,47.88638607
317,6,SWBD,-112.471224,47.68226359
318,3.1,SWBD,-114.1536385,47.63640866
319,3.9,SWBD,-112.7976646,47.60615501
320,5.5,SWBD,-112.4487532,47.55746746
321,0.9,SWBD,-114.216983,47.50406022
322,2.1,SWBD,-112.5354406,47.47856917
323,3.5,SWBD,-119.2536914,47.47580358
324,4.2,SWBD,-114.118895,47.44232642
325,0.5,SWBD,-113.9235494,47.26155672
326,3.6,SWBD,-108.5497364,47.12001851
327,23.3,SWBD,-119.3399814,47.13354113
328,19.1,SWBD,-111.9578243,46.91848764
329,60.7,SWBD,-119.3447104,47.01246456
330,1.3,SWBD,-108.2501577,46.94054943
331,1.3,SWBD,-112.7947268,46.79475089
332,11.8,SWBD,-111.8338831,46.70100513
333,1.4,SWBD,-119.0327071,46.70795194
334,7.7,SWBD,-111.9318686,46.69622997
335,0.3,SWBD,-119.0237758,46.67864093
336,0.8,SWBD,-110.9261908,46.64050909
337,0.7,SWBD,-110.7386842,46.62422577
338,52,SWBD,-116.130579,46.65169936
339,3.1,SWBD,-110.2783064,46.44294844
340,6.9,SWBD,-109.4247325,46.34355374
341,10.3,SWBD,-113.2919996,46.18522647
342,0.9,SWBD,-113.2299778,46.16646374
343,1.9,SWBD,-112.7805472,46.15243842
344,1.2,SWBD,-113.3745137,46.11860927
345,3.1,SWBD,-114.2608092,46.0545689
346,3.4,SWBD,-119.1546197,45.86234387
347,1.4,SWBD,-114.2915991,45.70344292
348,1.3,SWBD,-111.7036607,45.69582927
349,3.7,SWBD,-119.8128742,45.6840269
350,2.5,SWBD,-118.7859562,45.59297186
351,2.5,SWBD,-109.2212697,45.44431354
352,13.5,SWBD,-111.6808952,45.43203735
353,0.4,SWBD,-119.5381424,45.34413167
354,6.2,SWBD,-117.2093663,45.30974081
355,11,SWBD,-108.0448922,45.25579808
356,2.8,SWBD,-112.1255996,45.22189832
357,1.1,SWBD,-109.7813968,45.22278114
358,2.5,SWBD,-107.6070949,45.15801281
359,8.5,SWBD,-106.7911132,45.08971002
360,0.6,SWBD,-118.0245194,45.05669836
361,2.7,SWBD,-117.7977508,45.0250725
362,18,SWBD,-112.8723621,44.96970553
363,4.5,SWBD,-116.8533417,44.91186904
364,48.1,SWBD,-111.2340601,44.78163988
365,43.6,SWBD,-117.0949327,44.64374001
366,2.3,SWBD,-111.3950957,44.84665173
367,5.3,SWBD,-118.042711,44.67985037
368,14.3,SWBD,-112.2754079,44.6325599
369,1.1,SWBD,-107.2143967,44.56292485
370,94.8,SWBD,-116.0970125,44.59374008
371,12.7,SWBD,-106.7518592,44.47851733
372,3.3,SWBD,-118.1998294,44.50687152
373,25.7,SWBD,-109.233097,44.48106199
374,29.1,SWBD,-111.5083302,44.40657596
375,0.6,SWBD,-116.9010116,44.39710793
376,2.7,SWBD,-117.6983607,44.36471805
377,10.8,SWBD,-115.6629979,44.30913187
378,1.1,SWBD,-110.8074476,44.12715984
379,3.5,SWBD,-108.987771,44.08585491
380,1.4,SWBD,-111.485916,44.09812832
381,4.2,SWBD,-109.0628766,44.04973335
382,2.4,SWBD,-117.4154088,44.02712436
383,5.8,SWBD,-118.1549418,43.92931276
384,106.1,SWBD,-110.6732646,43.89880166
385,0.7,SWBD,-108.8334605,43.66370769
386,40.5,SWBD,-117.3311711,43.4818375
387,8.8,SWBD,-115.8491438,43.60028309
388,12.9,SWBD,-118.235749,43.6154043
389,27.8,SWBD,-116.6765098,43.55674549
390,4,SWBD,-111.739965,43.52817586
391,5.7,SWBD,-116.0042527,43.55679788
392,1.8,SWBD,-114.0370895,43.44199396
393,74.4,SWBD,-108.1839156,43.31872225
394,15.9,SWBD,-115.3482032,43.41250866
395,3.4,SWBD,-115.3812655,43.33738481
396,59.6,SWBD,-111.1116657,43.23826804
397,12.5,SWBD,-114.3796786,43.2853572
398,10.9,SWBD,-109.106455,43.19210669
399,3,SWBD,-108.7732968,43.20721649
400,5,SWBD,-109.9446612,43.09654872
401,1.5,SWBD,-106.7073321,43.01947889
402,66.7,SWBD,-111.6084933,42.91406477
403,7,SWBD,-109.8724254,43.00341481
404,1.8,SWBD,-108.8296565,42.95430339
405,25.1,SWBD,-115.8872117,42.94820579
406,1.4,SWBD,-117.228371,42.89999491
407,19.6,SWBD,-109.8038763,42.95285537
408,2.6,SWBD,-114.9310867,42.79578746
409,6.8,SWBD,-109.6642962,42.8462161
410,2,SWBD,-109.0234576,42.78196872
411,199.3,SWBD,-112.7430597,42.92626421
412,1.4,SWBD,-105.6110704,42.70619256
413,30.5,SWBD,-113.3916457,42.66911206
414,4.1,SWBD,-111.6531631,42.65064129
415,8.1,SWBD,-106.7477296,42.53036194
416,75.1,SWBD,-106.9255781,42.42189483
417,28.7,SWBD,-119.8522286,42.40242336
418,1.4,SWBD,-111.7302074,42.29094426
419,6.7,SWBD,-109.4330577,42.26976626
420,3.1,SWBD,-109.3672201,42.22598931
421,57.2,SWBD,-106.843604,42.04573737
422,1,SWBD,-119.8187743,42.12593383
423,31.3,SWBD,-110.1239681,42.08053014
424,1.4,SWBD,-105.0365123,41.99891165
425,4.7,SWBD,-110.6632978,41.98651793
426,13.1,SWBD,-105.7136144,41.87741971
427,10,SWBD,-111.9601923,41.79477395
428,22.6,SWBD,-105.6077109,41.85337156
429,1.4,SWBD,-109.8698115,41.73883363
430,10,SWBD,-115.8065171,41.66511186
431,1.5,SWBD,-111.8593287,41.61952189
432,0.5,SWBD,-111.7374284,41.51882983
433,8.7,SWBD,-111.0168199,41.47417891
434,2.3,SWBD,-105.8945294,41.47247302
435,0.9,SWBD,-115.8993438,41.40196408
436,3.1,SWBD,-117.1766716,41.41339796
437,39.4,SWBD,-112.0891917,41.37810761
438,9.7,SWBD,-111.8001765,41.26816109
439,7.8,SWBD,-105.9276072,41.24290245
440,0.6,SWBD,-117.2227083,41.2382589
441,2.7,SWBD,-106.2562441,41.20652898
442,1.1,SWBD,-111.388631,41.19282012
443,1.8,SWBD,-110.8229433,41.15155024
444,2,SWBD,-106.8753822,41.03294267
445,1.5,SWBD,-110.582626,41.01458786
446,2.1,McGill,-116.3581501,41.00444792
447,0.5,SWBD,-116.3445036,40.98486718
448,0.7,SWBD,-110.3909473,40.98173203
449,4.8,SWBD,-111.4104108,40.94772684
450,2.1,SWBD,-111.5900913,40.9088817
452,0.7,SWBD,-109.8664103,40.90749603
453,0.5,SWBD,-112.7066835,40.91016929
454,1.9,SWBD,-105.028881,40.85454526
455,4,SWBD,-106.9644491,40.79618268
456,3.5,SWBD,-111.3958902,40.77233531
457,0.7,SWBD,-111.6949307,40.77290987
458,0.6,SWBD,-111.1033102,40.75668404
459,1.2,SWBD,-116.1992999,40.7532436
460,1.8,SWBD,-105.0818674,40.70191605
461,6.3,SWBD,-115.7620559,40.67104638
462,1.5,SWBD,-105.0373929,40.68139837
463,1.2,SWBD,-105.0502263,40.66039462
464,7.4,SWBD,-118.2778547,40.65213894
465,1.9,SWBD,-105.0794398,40.62741385
466,1,SWBD,-105.8529932,40.60448517
467,10.6,SWBD,-111.4095727,40.6186786
468,6.4,SWBD,-105.1590967,40.55784099
469,1.4,SWBD,-109.4292813,40.57860964
470,0.5,SWBD,-110.7002743,40.56503257
471,3.1,SWBD,-110.5038535,40.57817957
472,1.6,SWBD,-107.3757046,40.57223493
473,2.6,SWBD,-109.5328955,40.51617074
474,1.2,SWBD,-105.7860219,40.49940907
476,5.9,SWBD,-105.0332397,40.43380316
477,9.6,SWBD,-111.493874,40.44238011
478,1.8,SWBD,-105.0873635,40.41233622
479,362.2,SWBD,-111.8245241,40.20957557
480,2.1,SWBD,-105.1269093,40.33769906
481,4.2,SWBD,-105.217877,40.33526587
482,1.3,SWBD,-110.2259134,40.30140162
483,1.7,SWBD,-109.8838887,40.28626688
484,2.9,SWBD,-106.8551301,40.27819689
485,0.3,SWBD,-116.6963543,40.26580559
486,0.7,SWBD,-105.3762639,40.21808664
487,5.1,SWBD,-105.8427289,40.22722567
488,11.2,SWBD,-110.4643685,40.19166122
489,4.7,SWBD,-109.6819547,40.19253155
490,2.7,SWBD,-105.0390146,40.1821398
491,1.1,SWBD,-105.959434,40.14874292
492,24.7,SWBD,-105.8491599,40.15439473
493,61.1,SWBD,-111.1242352,40.17149732
494,1.5,SWBD,-108.7109131,40.12181848
495,2.9,SWBD,-105.2224965,40.07953165
496,0.7,SWBD,-107.0551034,40.05231016
497,5.3,SWBD,-106.2107443,40.0155202
498,2.2,SWBD,-105.194506,40.02496506
499,0.4,SWBD,-105.4909302,39.96546868
500,1.2,SWBD,-105.3691832,39.94692046
501,1.3,SWBD,-105.2126998,39.94622933
502,6.6,SWBD,-106.2877561,39.87259703
503,6.6,SWBD,-111.8659272,39.85780277
504,4.9,SWBD,-105.1244307,39.86412066
505,0.4,SWBD,-105.2464103,39.82834229
506,10,SWBD,-111.1513832,39.7742212
507,1.4,SWBD,-107.7568556,39.63179586
508,2.3,SWBD,-105.0679232,39.62952802
509,12.3,SWBD,-106.0588648,39.60147745
510,1,SWBD,-111.2235396,39.61448374
511,5.2,SWBD,-105.0686081,39.54477619
512,1.6,SWBD,-118.5026662,39.51593674
513,2.7,SWBD,-112.341518,39.46258759
514,29.2,SWBD,-119.1266374,39.40428891
515,37.5,SWBD,-111.9346636,39.30635969
516,1.2,SWBD,-106.4680532,39.35808158
517,3,SWBD,-106.7885812,39.36319118
518,3.9,SWBD,-111.2792527,39.29268366
519,6.4,SWBD,-106.3823426,39.26924567
520,2,SWBD,-115.0484742,39.22934921
521,2.6,SWBD,-107.7967885,39.22308881
522,2.7,SWBD,-105.2836549,39.19526804
523,5.2,SWBD,-111.6995633,39.23559168
524,1.5,SWBD,-119.9015259,39.17337621
525,4.1,SWBD,-112.0514053,39.10368751
526,1.2,SWBD,-111.1966841,39.09984269
527,2,SWBD,-118.8790335,39.05782316
528,1.3,SWBD,-106.2568528,39.01975005
529,9.1,SWBD,-105.9156687,38.98709034
530,6.1,SWBD,-105.6413248,38.98203015
531,0.8,SWBD,-107.3417103,38.95763532
532,0.8,SWBD,-105.0643957,38.92611358
533,12.4,SWBD,-105.5204436,38.93118216
534,1.2,SWBD,-114.0133163,38.88523899
535,0.9,SWBD,-119.7349288,38.84178619
536,5.8,SWBD,-106.5823519,38.83515063
537,1.2,SWBD,-107.601041,38.68351352
538,0.4,SWBD,-117.1197557,38.6817995
539,2.6,SWBD,-111.6442601,38.60989394
540,0.6,SWBD,-107.5815862,38.60376998
541,30.2,SWBD,-107.2150974,38.47261671
542,2,SWBD,-107.4981056,38.44620435
543,0.9,McGill,-117.4659053,38.42216251
544,4,SWBD,-119.977081,38.40131621
545,1.3,SWBD,-119.9424175,38.33754925
546,9.3,SWBD,-119.2301938,38.28886045
547,8.2,SWBD,-112.2022021,38.28821693
548,0.8,McGill,-119.7382498,38.27032621
549,0.8,SWBD,-107.5380388,38.22360703
550,2.8,SWBD,-112.8201885,38.23222554
551,0.7,SWBD,-119.9827046,38.19586739
552,6.7,SWBD,-111.9934278,38.19648064
553,1.1,SWBD,-108.2504681,38.0300065
554,6.7,SWBD,-119.906847,38.0007011
555,4,SWBD,-119.8582908,37.98620907
556,0.8,SWBD,-119.2748633,37.97367009
557,6.8,SWBD,-119.7413755,37.94766765
558,1.8,SWBD,-107.2269486,37.87459396
559,3.9,SWBD,-119.1116874,37.83991789
560,1.8,SWBD,-107.0862896,37.79459257
561,2.3,SWBD,-108.2973433,37.79725591
562,0.6,SWBD,-119.1533787,37.75159957
563,4.1,SWBD,-112.6418876,37.71593094
564,2.6,SWBD,-107.3032937,37.72951495
565,0.5,SWBD,-109.4418363,37.66778085
566,16,SWBD,-118.7412888,37.61018879
567,14.8,SWBD,-108.550198,37.52254353
568,2.7,SWBD,-107.8059635,37.5673213
569,0.9,SWBD,-113.8680953,37.51719548
570,1.3,SWBD,-107.2216945,37.5124434
571,2.2,SWBD,-108.6244197,37.49140704
572,0.7,SWBD,-108.271392,37.40391039
573,0.7,SWBD,-105.3856469,37.39402795
574,2.3,SWBD,-107.664247,37.4030349
575,9.8,SWBD,-107.5519113,37.40038513
576,6.7,SWBD,-118.9775435,37.38178675
577,0.8,SWBD,-106.2968101,37.36431527
578,3.1,SWBD,-106.572617,37.33273883
579,2.7,SWBD,-119.3124582,37.34595572
580,3.8,SWBD,-119.5509071,37.31151021
581,1.9,SWBD,-118.9580427,37.2600986
582,0.7,SWBD,-113.7751994,37.25840873
583,3.2,SWBD,-106.3534928,37.26758714
584,4.8,SWBD,-119.198197,37.23973676
585,5.3,SWBD,-119.9731992,37.22982733
586,0.5,SWBD,-118.6196395,37.20544386
587,2.3,SWBD,-113.3878215,37.18693787
588,0.3,SWBD,-118.569939,37.16680782
589,1.2,SWBD,-119.4355009,37.15147446
590,7.8,SWBD,-119.2904369,37.12618829
591,4,SWBD,-105.4143409,37.09296072
592,3.7,SWBD,-119.8783805,37.12271511
593,3.9,SWBD,-118.9742921,37.09935005
594,2.6,SWBD,-118.2207738,37.06018555
595,15.8,SWBD,-119.6630524,37.019004
596,2.2,SWBD,-118.9653717,37.01385999
597,120.7,SWBD,-111.3855428,37.0173788
598,0.2,SWBD,-119.6644978,36.87931168
599,1.3,SWBD,-105.2692231,36.88582464
600,15.4,SWBD,-119.2883381,36.86758074
601,52.1,SWBD,-107.4941419,36.9182143
602,1.4,SWBD,-106.8769063,36.71760726
603,23.1,SWBD,-106.6969952,36.69298892
604,11.2,SWBD,-106.7513514,36.62217434
605,3.6,SWBD,-118.9809865,36.40622433
606,15.7,SWBD,-106.4725098,36.26654489
607,2.9,SWBD,-117.9490403,36.15499255
608,1.1,SWBD,-114.9169789,36.11587515
609,3.6,SWBD,-118.9127325,36.07505429
610,581,SWBD,-114.4327304,36.17312155
611,3.8,SWBD,-105.2413419,35.66709312
612,23.8,SWBD,-118.4343418,35.66743383
613,4.3,SWBD,-106.3128507,35.63637348
614,4.3,SWBD,-106.5694217,35.39771735
615,0.5,SWBD,-119.2980906,35.2339438
616,98.6,SWBD,-114.6404371,35.44096055
617,2.3,SWBD,-111.4920308,35.06023006
618,1.1,SWBD,-110.2871064,34.93323569
619,4.4,SWBD,-118.7749559,34.65698269
620,9.5,SWBD,-119.9436392,34.57856779
621,2,SWBD,-118.3816497,34.58339861
622,1.3,SWBD,-118.6375337,34.57169471
623,0.9,McGill,-111.1936102,34.54981287
624,7.3,SWBD,-118.6046646,34.53598749
625,3.6,SWBD,-118.7530125,34.47927429
626,8.8,SWBD,-119.3424857,34.39153101
627,2.7,SWBD,-109.3665554,34.36137354
628,0.7,SWBD,-118.4834408,34.2985802
629,60.8,SWBD,-114.2994212,34.42609797
630,1.4,SWBD,-114.2295679,34.2866333
631,2.3,SWBD,-117.1847489,34.25898166
632,10.4,SWBD,-116.9282934,34.25315116
633,0.7,SWBD,-118.8254198,34.2382767
634,0.3,SWBD,-117.8591272,34.21143092
635,1,SWBD,-117.8715343,34.18277274
636,0.5,SWBD,-118.5138056,34.14500231
637,0.4,SWBD,-118.8327439,34.12826833
638,0.4,SWBD,-118.4543467,34.11076712
639,0.8,SWBD,-117.80424,34.08699155
640,1.4,SWBD,-111.7208453,33.9920538
641,1.8,SWBD,-109.4207636,33.87977339
642,9.4,SWBD,-117.4363728,33.84060492
643,8.5,SWBD,-117.1732939,33.85755708
644,4.6,SWBD,-111.6219337,33.84715704
645,0.6,SWBD,-117.7227282,33.78021761
646,1.2,SWBD,-117.269263,33.68801867
647,40.3,SWBD,-111.133186,33.69385197
648,5.4,SWBD,-117.0461515,33.67673661
649,1.5,SWBD,-116.692186,33.66616301
650,9,SWBD,-111.2639138,33.5937736
651,3.6,SWBD,-117.0552278,33.58861909
652,4.1,SWBD,-111.5112247,33.5689469
653,2.4,SWBD,-111.4287878,33.54672831
654,2.5,SWBD,-116.9670488,33.48954107
655,4,SWBD,-116.747678,33.23720651
656,15.5,SWBD,-110.4679127,33.18996746
657,110.4,SWBD,-107.1661781,33.30753201
658,0.9,SWBD,-116.7831887,33.11187718
659,2.9,SWBD,-117.1021746,33.05997437
660,0.3,SWBD,-116.993064,33.02871472
661,0.3,SWBD,-116.5809925,32.98731107
662,4,SWBD,-116.9173297,32.92575032
663,0.9,SWBD,-114.485372,32.9077055
664,28.2,SWBD,-107.2895149,32.97659777
665,3.6,SWBD,-116.786693,32.89537858
666,0.6,SWBD,-116.8874556,32.85792468
667,0.8,SWBD,-116.7775717,32.78615696
668,2.8,SWBD,-116.990385,32.69647657
670,1.9,SWBD,-116.6657955,32.6902411
671,3.3,SWBD,-116.9233959,32.62671916
674,1,SWBD,-105.7905833,31.22365454
727,4.7,SWBD,-100.3530893,48.98024748
728,2.5,SWBD,-96.27494662,48.95454542
729,16.7,SWBD,-102.1100448,48.83771995
730,10.1,SWBD,-100.7019812,48.61570661
732,21.3,SWBD,-101.5758811,48.53090688
733,3.6,SWBD,-104.5668468,48.39033699
735,13.7,SWBD,-99.17283716,48.30825731
736,29.4,SWBD,-93.11120404,48.11362932
737,46.5,SWBD,-92.90672651,48.06207421
738,3.5,SWBD,-91.53120851,48.01320953
739,9.9,SWBD,-91.73742992,47.95653621
740,1141.6,SWBD,-94.91490729,48.03201036
741,8.9,SWBD,-91.57046631,47.83863511
742,7.4,SWBD,-93.38205448,47.83530414
743,7,SWBD,-90.42435807,47.82335417
744,25.7,SWBD,-91.84560765,47.75102318
745,3.5,SWBD,-95.19017098,47.73445973
746,5.4,SWBD,-96.15900225,47.65930687
747,6.8,McGill,-93.05063745,47.67992183
748,0.2,SWBD,-91.06898099,47.6575919
749,24.4,McGill,-92.64988015,47.5958905
750,9.4,SWBD,-94.86741316,47.60791801
751,2.5,SWBD,-93.41544696,47.53164612
752,9.4,McGill,-92.98405276,47.50838742
753,1126.8,SWBD,-102.2717601,47.76571848
754,4.3,SWBD,-92.17487517,47.50332764
755,4,SWBD,-92.6553013,47.48390515
756,2.7,SWBD,-92.35397979,47.4724378
757,2.8,SWBD,-92.48063443,47.45064101
758,248.3,SWBD,-94.19368843,47.44514111
759,8.3,SWBD,-93.5225636,47.42181966
760,4.8,SWBD,-93.68960683,47.39723163
761,0.9,SWBD,-95.31684201,47.37639507
762,0.6,SWBD,-93.50116374,47.28872943
764,5.3,SWBD,-93.96436288,47.25643395
765,0.1,SWBD,-91.64082322,47.26347898
766,6.4,SWBD,-98.8379565,47.28910429
767,412.6,SWBD,-94.40609628,47.16113174
768,1.7,SWBD,-93.56022757,47.23468005
769,7.9,SWBD,-95.75509062,47.12737199
770,2.1,SWBD,-101.2198474,47.07552595
771,5.4,SWBD,-93.48550255,47.06012802
772,6.6,SWBD,-95.53667516,47.07611883
773,11.2,SWBD,-92.17323149,47.06400545
774,19.8,SWBD,-98.01266287,47.15754267
775,31.6,SWBD,-92.18164881,47.01695312
776,8,SWBD,-95.05260746,47.00210507
777,3,SWBD,-98.78716059,46.96926405
778,10.7,SWBD,-92.26358779,46.94514666
779,1.8,SWBD,-94.79560547,46.95902768
780,7.4,SWBD,-98.72811724,46.99968569
781,2.8,SWBD,-94.30490374,46.90848146
782,15.1,SWBD,-95.60620247,46.89108449
783,2.3,SWBD,-94.02682788,46.88131476
784,1.8,SWBD,-102.8492416,46.86179447
785,2.3,SWBD,-94.85710682,46.86148326
786,7.2,SWBD,-94.99881347,46.89171966
787,3.4,SWBD,-94.424337,46.85421136
788,6.2,SWBD,-94.53308399,46.82324603
789,29.8,SWBD,-93.29377388,46.7563818
790,7.2,SWBD,-95.89725321,46.74239152
791,16.4,SWBD,-96.02196362,46.69981833
792,51.3,SWBD,-94.19927281,46.68839878
793,4.6,SWBD,-95.75209242,46.6520525
794,0.1,SWBD,-94.16875405,46.63010737
795,8.2,SWBD,-95.55650367,46.63448546
796,14.4,SWBD,-96.00671555,46.62887468
797,34.6,SWBD,-94.1769557,46.57526516
798,10.4,SWBD,-101.8753354,46.60925298
799,3.5,SWBD,-96.07203172,46.60032642
800,18.7,SWBD,-95.49536465,46.60911884
801,1.6,SWBD,-94.32432892,46.5924972
802,6.7,SWBD,-95.76203196,46.57754866
803,21.1,SWBD,-95.52919683,46.48691077
804,28.7,SWBD,-95.76158565,46.47511407
805,12.9,SWBD,-90.22650899,46.39833807
806,44.4,SWBD,-94.34826208,46.4547227
807,3.2,SWBD,-93.91389478,46.39416937
809,55.8,SWBD,-95.66110177,46.39913855
810,4.9,SWBD,-95.65902806,46.34785614
811,0.2,McGill,-91.28372028,46.35327854
812,3.9,SWBD,-93.85449646,46.30487235
813,9.6,SWBD,-95.55723747,46.29110807
814,4.9,SWBD,-94.08572868,46.28025739
815,8.9,SWBD,-91.86844953,46.25617051
816,12.1,SWBD,-91.09453577,46.21952118
817,5.3,SWBD,-91.92830475,46.15287478
819,10.5,SWBD,-91.46932875,46.09243139
820,4.3,SWBD,-93.67362044,46.08272613
821,2.5,SWBD,-95.58462736,46.07242295
822,60.2,SWBD,-90.17982578,46.08023495
823,6,SWBD,-91.0383329,46.02120401
824,22.4,SWBD,-95.36846625,46.0409734
825,0.3,SWBD,-97.36112022,46.01736087
826,2.5,SWBD,-90.06391122,45.98429131
827,8,SWBD,-103.2692412,45.98167947
828,25.1,SWBD,-95.35879116,45.93557025
829,4.8,SWBD,-93.29928874,45.97835997
830,55.9,SWBD,-91.19486136,45.92911509
831,4.6,SWBD,-95.52548521,45.87563692
832,3.4,SWBD,-98.70040969,45.88237347
833,0.3,McGill,-91.40709892,45.85396768
834,8.3,SWBD,-94.74927054,45.7787993
835,7,SWBD,-98.23472343,45.78940607
836,42.6,SWBD,-96.73085194,45.70461413
837,17.2,SWBD,-102.2575357,45.7429076
838,8.2,SWBD,-94.93581552,45.78492624
839,1.6,SWBD,-92.7324093,45.69630396
840,13.2,SWBD,-91.69076582,45.70914365
841,1.1,SWBD,-91.54333588,45.66970308
842,5.2,SWBD,-91.822077,45.63015355
843,8.6,SWBD,-91.5828509,45.60249642
844,3.1,SWBD,-93.43980278,45.57335411
845,2.4,SWBD,-98.61369405,45.55446519
846,7.1,SWBD,-91.01539226,45.50856189
847,7.4,SWBD,-92.42745649,45.46514189
848,2.4,SWBD,-98.73714654,45.45595767
849,3.4,McGill,-92.68231199,45.47187589
850,11.6,SWBD,-91.65441582,45.33827076
851,44.6,SWBD,-96.60746733,45.40750742
852,3,SWBD,-94.06492947,45.26936364
853,3.7,SWBD,-94.96604353,45.26009231
854,4.6,SWBD,-96.30444813,45.23330382
855,11.5,SWBD,-91.13079297,45.26494344
856,1.1,SWBD,-93.99644749,45.20818484
857,6.1,SWBD,-94.84141463,45.18324314
858,17.6,SWBD,-96.15173564,45.19672414
859,3.9,SWBD,-93.01562378,45.11395638
860,2.5,SWBD,-90.94352229,45.071491
861,23.4,SWBD,-95.95877029,45.08634438
862,10.1,SWBD,-94.93704908,44.99467331
863,20.5,SWBD,-91.32087506,44.95312161
864,1.1,SWBD,-91.89023176,44.95290264
865,4,SWBD,-91.91227213,44.89225377
866,1.8,SWBD,-91.49407488,44.82965566
867,3.1,SWBD,-91.42096695,44.81462661
868,28.9,SWBD,-103.7067526,44.73424051
869,3.2,SWBD,-93.52361515,44.5902989
870,1092.6,SWBD,-100.5220018,45.20429504
871,3.2,SWBD,-90.70608277,44.42570315
872,15,SWBD,-104.8233135,44.36200829
873,25.6,SWBD,-94.25545615,44.30697701
874,2.4,SWBD,-93.79238814,44.27689941
875,5,SWBD,-93.60681106,44.23041944
876,1.9,SWBD,-92.47525748,44.19005622
877,8.4,SWBD,-93.69047384,44.1731085
878,4.3,SWBD,-90.17516523,44.14668903
879,6.2,SWBD,-94.61226027,44.14035873
880,0.8,SWBD,-94.11139995,44.08572317
881,14.7,SWBD,-95.69819081,44.1198955
882,2.7,SWBD,-103.5045732,44.07491907
883,92.7,SWBD,-89.96231508,44.13927088
884,228.4,SWBD,-99.78416174,44.18616152
885,1.4,SWBD,-103.8003185,44.01887851
886,1.2,SWBD,-103.4679182,43.97365501
887,0.4,SWBD,-93.34863905,43.89130589
888,8,SWBD,-95.26715136,43.7736036
889,2.3,SWBD,-98.04630435,43.75303375
890,2.9,SWBD,-95.61787072,43.61511364
891,10.3,SWBD,-93.31200363,43.62970003
892,1.9,SWBD,-90.09250483,43.6064457
893,16.3,SWBD,-103.4267178,43.30803924
894,1.4,SWBD,-102.7267174,43.17427424
895,84.8,SWBD,-97.65968536,42.84944616
896,3.3,SWBD,-103.3051051,42.78666448
897,9.3,SWBD,-100.9170647,42.60960127
898,36,SWBD,-104.9846613,42.53369228
899,3.6,SWBD,-103.0977856,42.45886032
900,1.3,SWBD,-90.16532807,42.4297632
901,6.8,SWBD,-104.8088647,42.3193262
902,13.5,SWBD,-104.7412127,42.14718387
903,2.2,SWBD,-103.6128212,41.98873917
904,6.9,SWBD,-103.4929166,41.93278848
905,18.1,SWBD,-99.2565472,41.86798914
906,3.1,SWBD,-91.55190874,41.80036157
907,13.4,SWBD,-91.58370049,41.78432542
908,3.7,SWBD,-104.1848277,41.70934802
909,3.6,SWBD,-94.40008303,41.71693498
910,3,SWBD,-98.76126423,41.42560029
911,59.1,SWBD,-93.09622683,41.41158538
912,8.6,SWBD,-98.89972079,41.32063046
913,109.3,SWBD,-101.816725,41.25083649
914,12.4,SWBD,-101.1334886,41.10598288
915,1.1,SWBD,-94.22079557,41.07986831
916,2,SWBD,-94.26822459,41.07013984
917,2,SWBD,-94.73144891,41.05877509
918,6.1,SWBD,-100.7754279,41.03781802
919,6.2,SWBD,-96.87106214,40.97346973
920,1.5,SWBD,-100.4097781,40.9486176
921,2.1,SWBD,-90.13166756,40.9628562
922,5.6,SWBD,-102.6514099,40.93202325
923,0.8,SWBD,-95.88209234,40.92334766
924,50.6,SWBD,-92.98333667,40.85989426
925,9.7,SWBD,-103.2901881,40.77882617
926,0.3,SWBD,-100.0360531,40.7790831
927,2.8,SWBD,-93.77951749,40.77208139
928,1.1,SWBD,-99.98014754,40.73304961
929,8.4,SWBD,-99.85293168,40.69403526
930,1.9,SWBD,-104.9655342,40.64246917
931,2.7,SWBD,-99.86038616,40.62958617
932,2.3,SWBD,-104.9607854,40.5490295
933,3.1,SWBD,-104.8886527,40.53569519
934,3,SWBD,-105.0097258,40.49065371
935,8.2,SWBD,-103.3609516,40.42192948
936,4.3,SWBD,-101.5415686,40.43165205
937,10,SWBD,-104.0743386,40.39211039
938,5.5,SWBD,-100.2333935,40.40663435
939,5,SWBD,-100.6921203,40.36623375
940,8.4,McGill,-89.98897154,40.37937336
941,15.1,SWBD,-104.2629351,40.33823877
942,1.6,SWBD,-92.62167833,40.28725035
943,1.7,SWBD,-103.9757607,40.28505208
944,9.8,SWBD,-104.1639018,40.26857375
945,5.3,SWBD,-104.6414243,40.22753875
946,2,SWBD,-92.6445455,40.17704128
947,15.6,SWBD,-101.1042852,40.1581105
948,50,SWBD,-99.29007005,40.06329001
949,3.6,SWBD,-104.5797078,39.99622718
950,7.8,SWBD,-104.7644486,39.94319769
951,1.8,SWBD,-94.06637616,39.92719734
952,8.3,SWBD,-98.05993333,39.89639592
954,1.3,SWBD,-92.27410585,39.78896288
955,8.1,SWBD,-92.51529236,39.78944684
956,12.8,SWBD,-99.16259022,39.65666989
957,3.4,SWBD,-104.8558027,39.64034297
958,6.8,SWBD,-102.1942881,39.61577221
959,3.2,SWBD,-104.6637327,39.61047316
960,16.2,SWBD,-92.63305601,39.60358674
961,58.8,SWBD,-91.77068342,39.5055358
962,36.6,SWBD,-98.37172055,39.49080317
963,14.3,SWBD,-99.45479773,39.39275042
964,24.6,SWBD,-94.52220999,39.43658212
965,42.9,SWBD,-96.66088151,39.33639869
966,1.4,SWBD,-94.78191548,39.16354169
967,40.2,SWBD,-95.45066688,39.17313783
968,65.9,SWBD,-96.9526703,39.16573632
969,2.4,SWBD,-94.32658214,39.00433881
970,3.5,SWBD,-94.32230461,38.97505272
971,1.7,SWBD,-104.9694802,38.98040857
972,34.3,SWBD,-98.56407632,38.941268
973,1.4,SWBD,-94.25194743,38.92788081
974,3.3,SWBD,-94.47111938,38.90616078
975,28.3,SWBD,-95.38253613,38.91819468
976,21.2,SWBD,-99.77359176,38.7863891
977,1.4,SWBD,-94.33799791,38.76548711
978,1.3,SWBD,-96.56105515,38.67343115
979,16.6,SWBD,-94.92165794,38.67919609
980,13.7,SWBD,-95.5961969,38.66820526
981,12.6,SWBD,-97.99507414,38.62862139
982,23.9,SWBD,-95.78800816,38.49870678
983,24.6,SWBD,-97.12243426,38.40099618
984,9,SWBD,-94.65491341,38.36074778
985,12.7,SWBD,-102.6900951,38.3381369
986,5.7,SWBD,-93.94469737,38.30603659
987,15.7,SWBD,-104.7748141,38.27164352
988,1.8,SWBD,-102.6290015,38.27895111
989,186.8,SWBD,-93.52188718,38.21764748
990,4.2,SWBD,-103.7082822,38.26399894
991,33.4,SWBD,-95.80246038,38.25058616
992,18.9,SWBD,-103.2469105,38.26106953
994,2,SWBD,-104.6563811,38.16855255
995,19.2,SWBD,-103.7010094,38.192909
996,8.7,SWBD,-103.4009608,38.17613818
997,1.1,SWBD,-91.4551991,38.097261
998,44.1,SWBD,-103.0232163,38.07331195
999,1.1,SWBD,-90.33481846,37.9808775
1000,30.5,SWBD,-93.33042558,37.85477306
1002,3,SWBD,-104.6135066,37.73381352
1003,9.8,SWBD,-95.93739814,37.7639266
1004,1.7,SWBD,-90.91473456,37.72421926
1005,39.3,SWBD,-97.83512539,37.75961194
1007,8.8,SWBD,-96.08363765,37.66264686
1008,0.8,SWBD,-102.5542211,37.6325296
1009,3,SWBD,-95.34238361,37.41007975
1010,1.6,SWBD,-91.14804344,37.37842697
1011,3.9,SWBD,-96.87313548,37.35441708
1012,4.4,SWBD,-104.4020704,37.33072185
1013,2.7,SWBD,-93.20961212,37.31141911
1014,4.1,SWBD,-95.45873706,37.29102719
1015,1.6,SWBD,-96.1929689,37.23728583
1016,4.8,SWBD,-104.5750872,37.13683693
1017,6.9,SWBD,-90.78423327,37.15939886
1018,4.8,SWBD,-90.18486186,37.00231405
1019,23.8,SWBD,-90.32837114,36.96685333
1020,16.7,SWBD,-95.94887613,36.92836169
1021,82.7,SWBD,-98.22682942,36.74062353
1022,2.7,SWBD,-97.02521456,36.72910085
1023,58.7,SWBD,-96.87529274,36.76809168
1024,2.9,SWBD,-96.41884914,36.70522477
1025,2.9,McGill,-101.1456441,36.6707201
1026,118.1,SWBD,-93.44400411,36.60511866
1027,6.6,SWBD,-99.56983054,36.53266264
1028,3.7,SWBD,-96.18149992,36.52496042
1029,101.5,SWBD,-94.89929601,36.56650736
1030,1.4,SWBD,-94.32877601,36.46611778
1031,21.4,SWBD,-97.02953228,36.43414461
1032,114.7,SWBD,-95.59559613,36.54839349
1033,71.3,SWBD,-93.91720906,36.36483464
1034,5.7,SWBD,-95.01723961,36.39435501
1035,9,SWBD,-94.88007762,36.35419241
1037,35,SWBD,-96.1699758,36.36707533
1038,0.7,SWBD,-91.53946493,36.30114708
1039,21.1,SWBD,-95.14947717,36.35539777
1040,1.5,SWBD,-95.12739004,36.26999875
1041,2.2,SWBD,-95.09681663,36.25055915
1042,79.4,SWBD,-92.24445219,36.36033347
1043,1.4,SWBD,-94.53423851,36.25100926
1044,15.6,SWBD,-95.15879408,36.26051686
1045,2.4,SWBD,-91.73334141,36.20501835
1046,1.9,SWBD,-96.18031565,36.19129348
1047,4,SWBD,-97.18430123,36.18096527
1048,79.6,SWBD,-96.32558526,36.20520276
1049,12.4,SWBD,-97.22735634,36.13592339
1050,27.3,SWBD,-98.60951244,36.12310933
1051,0.7,SWBD,-95.55062304,36.07497941
1052,0.4,SWBD,-102.5015909,36.03145731
1053,67.4,SWBD,-95.27515762,35.95239276
1054,2.3,SWBD,-96.60636261,35.80862359
1055,35,SWBD,-101.6273317,35.66804637
1056,1.5,SWBD,-94.10457135,35.69981455
1057,1.6,SWBD,-94.14293775,35.67027381
1058,2,SWBD,-96.07426088,35.61368598
1059,3.3,SWBD,-95.16117009,35.63071505
1060,48.8,SWBD,-94.97817315,35.68608487
1061,9.3,SWBD,-97.59571733,35.56721238
1062,3.8,SWBD,-96.11664611,35.56222025
1063,24.5,SWBD,-99.22260453,35.57531532
1064,2.5,SWBD,-96.32139185,35.52170502
1065,1.6,SWBD,-93.83430507,35.53258107
1066,1.2,SWBD,-90.67559437,35.53088036
1067,118.5,SWBD,-92.16870637,35.54059046
1068,6.1,SWBD,-97.67832267,35.49967848
1069,2,SWBD,-97.11216563,35.40365176
1070,31.4,SWBD,-104.2276469,35.41930165
1071,2,SWBD,-93.19526857,35.37925772
1072,2.2,SWBD,-97.08416236,35.35924874
1073,22.7,SWBD,-103.5286368,35.34608876
1074,4.1,SWBD,-97.07701285,35.33395658
1075,135.4,SWBD,-94.90413675,35.36230027
1077,354.9,SWBD,-95.59458704,35.26906137
1078,94.3,SWBD,-93.33146438,35.34003477
1079,4,SWBD,-92.59987562,35.23913887
1081,14.4,SWBD,-98.48032791,35.19435884
1082,2.8,SWBD,-92.43765391,35.13545975
1083,5.4,SWBD,-98.14119555,35.14766464
1084,11.3,SWBD,-93.69990325,35.09968989
1085,1.3,SWBD,-96.36122184,35.0318709
1086,11.8,SWBD,-104.6660633,35.04691801
1087,5.2,SWBD,-95.82874472,35.0303854
1088,3.7,SWBD,-100.9099849,35.01006766
1089,4.6,SWBD,-92.77114098,34.97681556
1090,20.1,SWBD,-92.38799661,35.00467736
1091,4.4,SWBD,-96.71299946,34.96358208
1092,9.6,SWBD,-93.21005737,34.95487857
1094,4.8,SWBD,-102.1264981,34.89672115
1095,20.4,SWBD,-99.31077201,34.92943842
1096,35,SWBD,-92.56654229,34.87848873
1097,3.6,SWBD,-94.2719334,34.85915188
1098,3.8,SWBD,-92.86777922,34.80587629
1099,18.8,SWBD,-98.35387358,34.82226003
1100,1.6,SWBD,-97.2050123,34.77964814
1101,39.4,SWBD,-90.08435097,34.74522411
1102,22.7,SWBD,-98.99813714,34.7647715
1103,3.1,SWBD,-97.04809814,34.75337924
1104,8.1,SWBD,-98.50632614,34.75592499
1105,1.3,SWBD,-90.70128546,34.72092368
1106,1.1,SWBD,-92.96480493,34.65448304
1107,6.4,SWBD,-91.51606337,34.66063023
1108,3.6,SWBD,-92.90796338,34.63755459
1109,6.5,SWBD,-104.3887697,34.63210932
1110,4.8,SWBD,-97.68399029,34.6133434
1111,2.4,SWBD,-97.89467384,34.59359751
1113,0.8,SWBD,-101.4471606,34.54734176
1114,2.7,SWBD,-98.88239308,34.52937283
1115,1,SWBD,-100.3781846,34.47169908
1116,21.1,SWBD,-93.09422785,34.44626638
1117,8.1,SWBD,-97.01948942,34.44478926
1118,4.6,SWBD,-92.93885977,34.4439149
1119,13,SWBD,-95.88692904,34.35397605
1120,37.2,SWBD,-98.08705849,34.28413654
1121,45.2,SWBD,-93.20008728,34.25349221
1122,4.9,SWBD,-94.22860833,34.22871974
1123,54.4,SWBD,-94.6850596,34.20876767
1124,4.9,SWBD,-94.099183,34.16539544
1126,15.4,SWBD,-95.10273768,34.14987769
1127,7,SWBD,-94.38818417,34.11911018
1128,47.9,SWBD,-95.41700323,34.06916244
1129,1.4,SWBD,-98.75328385,33.99236266
1130,0.6,SWBD,-99.02035019,33.97821736
1131,5,SWBD,-99.2741101,33.92745814
1132,5.5,SWBD,-91.76860378,33.9286962
1133,4.5,SWBD,-97.65620632,33.86416021
1134,21.4,SWBD,-95.59877468,33.83273706
1135,263.1,SWBD,-96.68532638,33.89877461
1136,11.1,SWBD,-98.96234997,33.79716052
1137,6.2,SWBD,-99.84665135,33.78636671
1138,3.8,SWBD,-97.22994401,33.76711654
1139,43.1,SWBD,-98.37080955,33.71092461
1140,28.7,SWBD,-99.19544106,33.76581538
1141,4.1,SWBD,-95.58474617,33.71837676
1142,4.5,SWBD,-91.84358509,33.70454384
1143,3.9,SWBD,-93.08591109,33.69103936
1144,93.2,SWBD,-93.97965521,33.74571208
1145,17.6,SWBD,-98.81494196,33.64383194
1146,3.1,SWBD,-96.15159334,33.65048009
1147,3.1,SWBD,-96.37286839,33.6366695
1148,3.5,SWBD,-101.0875296,33.47456931
1149,5.6,SWBD,-97.88108263,33.47563406
1150,2.8,SWBD,-99.3825483,33.40951222
1151,68.7,SWBD,-97.06048337,33.40415408
1152,40.5,SWBD,-95.66593124,33.31593122
1154,0.7,SWBD,-92.48194724,33.30579552
1155,9.7,SWBD,-93.37864396,33.29649122
1156,18,SWBD,-91.24100028,33.31757447
1157,6.4,SWBD,-92.03440952,33.23290701
1158,1.4,SWBD,-98.13441392,33.23934926
1159,40.1,SWBD,-97.86875292,33.22047419
1160,6.4,SWBD,-95.63123101,33.1711666
1161,6.1,SWBD,-98.62988911,33.15579013
1162,1.7,SWBD,-98.60311205,33.14307895
1163,39,SWBD,-95.07061244,33.06452034
1164,65.5,SWBD,-96.98133909,33.11485572
1165,4.9,SWBD,-101.0651627,33.04828648
1166,6.4,SWBD,-99.59607788,33.0618911
1167,11.9,SWBD,-95.18737372,33.05947695
1168,21.4,SWBD,-93.54811483,33.10773467
1169,4.2,SWBD,-94.83693225,33.06945335
1170,68.5,SWBD,-96.4800003,33.08846841
1171,21.2,SWBD,-97.10712975,32.99158628
1172,0.7,SWBD,-94.67487635,32.96920182
1173,2.6,SWBD,-96.97891881,32.94039399
1174,4.7,SWBD,-94.72264259,32.93944737
1175,7.2,SWBD,-93.92820478,32.89667139
1176,50.6,SWBD,-98.48175809,32.89701582
1177,29.1,SWBD,-97.49721499,32.91751098
1178,2.1,SWBD,-94.55239305,32.85032965
1179,43.1,SWBD,-99.00411597,32.80211092
1180,3.9,SWBD,-96.72268991,32.83369871
1182,93.2,SWBD,-95.59659246,32.87557717
1183,79.9,SWBD,-96.51172712,32.88648707
1184,11.1,SWBD,-97.46065394,32.80675606
1185,3.7,SWBD,-97.68643719,32.78291243
1186,69.9,SWBD,-94.60942844,32.80030638
1187,21.6,SWBD,-92.96001405,32.75762615
1188,9,SWBD,-96.96029944,32.71783882
1189,2.4,SWBD,-96.17361716,32.73974842
1190,6.5,SWBD,-97.21346988,32.70291321
1191,46.9,SWBD,-92.42496863,32.75415755
1192,60.3,SWBD,-94.02699329,32.70898662
1193,8.5,SWBD,-93.66631268,32.67776278
1194,12.1,SWBD,-97.46652758,32.6295322
1195,1.3,SWBD,-98.8634283,32.64336662
1196,5.8,SWBD,-98.30487269,32.64337235
1197,23.5,SWBD,-97.02151611,32.60801184
1198,6.8,SWBD,-99.68506513,32.59375365
1199,2.4,SWBD,-95.25233138,32.62624547
1200,1.6,SWBD,-92.0505287,32.59031961
1201,39.2,McGill,-101.2048981,32.59676439
1202,7.4,SWBD,-104.3854244,32.57293293
1203,26.2,SWBD,-93.85660926,32.51169012
1204,1.4,SWBD,-93.58425625,32.51467034
1205,1.7,SWBD,-99.00108321,32.44027525
1206,4.3,SWBD,-94.47925406,32.44208711
1207,89.1,SWBD,-90.01667319,32.45082394
1208,23.8,SWBD,-97.75731296,32.44459313
1209,10,SWBD,-94.65437825,32.36097081
1210,4.4,SWBD,-98.70214623,32.36302054
1211,1.5,SWBD,-90.20189397,32.36210645
1212,1.9,SWBD,-96.81994946,32.34063124
1213,25.9,SWBD,-93.40115771,32.38559922
1214,3.3,SWBD,-100.9272854,32.33910423
1215,6.7,SWBD,-93.13119171,32.3335082
1216,10.8,SWBD,-97.77919581,32.30915475
1217,1.2,SWBD,-100.8495304,32.2882117
1218,4.7,SWBD,-97.42954221,32.29973432
1219,17,SWBD,-94.57080115,32.24389905
1220,11.8,SWBD,-96.66211581,32.27957898
1221,3.6,SWBD,-101.1061963,32.25306987
1222,0.5,SWBD,-99.89378204,32.2370116
1223,1.1,SWBD,-95.95503741,32.2259628
1224,0.8,SWBD,-101.3742936,32.2203848
1225,19.2,SWBD,-92.52546899,32.24275864
1226,3.2,SWBD,-101.6478317,32.22126978
1227,8,SWBD,-95.12741422,32.23864827
1228,4.7,SWBD,-95.74454484,32.21257178
1229,7.9,SWBD,-95.17496368,32.2368199
1230,118.1,SWBD,-96.13389774,32.29684347
1231,28.6,SWBD,-95.45166966,32.11479251
1232,3.5,SWBD,-100.2769745,32.05233174
1233,12.9,SWBD,-94.46006244,32.03792694
1234,4.4,SWBD,-99.49170764,32.03600292
1235,9.5,SWBD,-93.24483519,32.00688464
1236,9,SWBD,-98.48525946,31.98417316
1237,16,SWBD,-96.74334979,31.94959759
1238,156.5,SWBD,-96.24233665,31.98875913
1239,1.3,SWBD,-99.87051213,31.95030346
1240,7.4,SWBD,-94.98923529,31.95904472
1241,4.1,SWBD,-95.29526398,31.9193553
1242,16.1,SWBD,-103.9297262,31.9381002
1243,13.1,SWBD,-100.5478424,31.91323042
1244,5.1,SWBD,-91.76716752,31.92855405
1245,9.7,SWBD,-97.20800274,31.92352449
1246,16.9,SWBD,-93.01442714,31.92178091
1247,70.6,SWBD,-97.40871044,31.95878681
1248,17.8,SWBD,-99.03420521,31.84628632
1249,0.9,SWBD,-99.57115753,31.83597312
1250,7.9,SWBD,-96.06198363,31.79539374
1251,6.9,SWBD,-93.1296515,31.76021976
1252,5.5,SWBD,-92.79897102,31.62437963
1253,8.2,SWBD,-94.82151878,31.61691436
1254,22.8,SWBD,-97.22834091,31.56877751
1255,7.1,SWBD,-96.96113188,31.56366984
1256,5.2,SWBD,-92.65370371,31.56663572
1257,47.1,SWBD,-99.69331115,31.54576932
1258,29,UY,-100.5108777,31.50224505
1259,2,SWBD,-96.97774908,31.46545581
1260,2.9,SWBD,-94.69094019,31.44478679
1261,4.8,SWBD,-95.5768646,31.41424709
1262,2.9,SWBD,-100.4895979,31.38072369
1263,61.6,UY,-100.5438094,31.34265001
1264,9.2,SWBD,-91.90513829,31.36834694
1265,6.7,SWBD,-92.73801853,31.31652777
1266,45.3,SWBD,-96.3454662,31.39965501
1267,6.7,SWBD,-92.62801653,31.27086611
1268,4.5,SWBD,-96.48154634,31.19848255
1269,599.6,SWBD,-93.73263938,31.49503319
1270,14.9,SWBD,-93.36198592,31.20607288
1271,3.6,SWBD,-99.41049376,31.13958219
1272,6.6,SWBD,-92.46734244,31.11177083
1273,42.6,SWBD,-97.5084343,31.16528724
1274,7.6,SWBD,-93.3718552,31.11015484
1275,380.1,SWBD,-94.23820366,31.20369281
1276,2.4,SWBD,-96.30277784,31.05678744
1277,23.5,SWBD,-97.58397688,31.01959966
1278,0.2,SWBD,-92.27062021,30.82469169
1279,17.8,SWBD,-94.18449535,30.8293334
1280,80.5,SWBD,-98.42231301,30.8148561
1281,5.1,SWBD,-93.10465727,30.74400558
1282,3.2,SWBD,-92.35855065,30.73917143
1283,2.2,SWBD,-98.3809597,30.7427549
1284,1.1,SWBD,-96.45756073,30.71381982
1285,15.3,SWBD,-97.35893156,30.69554817
1286,3.5,SWBD,-97.75103997,30.67483026
1287,219.6,SWBD,-95.10533152,30.71070513
1288,8.9,SWBD,-96.05776724,30.62950472
1289,12,SWBD,-91.45620797,30.65217734
1290,3,SWBD,-97.05600023,30.57817303
1291,19.1,SWBD,-98.38599467,30.57878625
1292,2.3,SWBD,-98.29579284,30.56051656
1293,3.6,SWBD,-95.53537618,30.43580754
1294,51.3,SWBD,-97.98790569,30.43190139
1295,43.7,SWBD,-95.59226823,30.39636102
1296,43.6,SWBD,-96.58599751,30.31112713
1297,2.1,SWBD,-97.78976983,30.32836234
1298,4,SWBD,-97.6013368,30.29714466
1299,3,SWBD,-97.28205049,30.15648467
1300,37.3,SWBD,-95.13981059,29.98231737
1301,9.1,SWBD,-96.73440543,29.92990599
1302,30.6,SWBD,-98.24781122,29.88568428
1303,19.8,SWBD,-94.68419341,29.8027083
1304,10.2,SWBD,-94.81619127,29.77256367
1305,19.3,SWBD,-98.95727315,29.57874668
1306,8.9,SWBD,-95.64799603,29.49092156
1307,131.5,SWBD,-101.0826402,29.50803177
1308,11.9,SWBD,-98.31694606,29.3018532
1309,5,SWBD,-98.37716192,29.25338483
1310,5.3,SWBD,-95.53730854,29.24130148
1311,7.1,SWBD,-95.52684594,29.07016074
1312,30.1,SWBD,-96.54610787,28.9434452
1313,0.1,SWBD,-96.4674153,28.82163124
1314,28.4,SWBD,-96.04901529,28.76574251
1315,8.3,SWBD,-97.17922262,28.74752077
1316,55.1,SWBD,-98.31403078,28.48868732
1317,59.1,SWBD,-97.90456977,28.12932966
1318,2.6,SWBD,-99.43532007,27.54554944
1320,120.8,SWBD,-99.17646142,26.63773139
1321,7.3,SWBD,-97.94593287,26.41269998
1322,0.4,SWBD,-98.16837286,26.38153119
1408,10.7,SWBD,-90.01404478,48.06336761
1421,8.1,SWBD,-87.69791707,46.80560822
1422,7.6,McGill,-89.53145089,46.77563045
1424,0.9,SWBD,-89.24251603,46.67760378
1425,5.2,SWBD,-87.84054787,46.65874736
1427,52.6,SWBD,-89.57410212,46.5045084
1428,9.8,SWBD,-87.66812532,46.59015981
1429,3.9,SWBD,-87.68558984,46.52555869
1431,3.8,SWBD,-87.82703822,46.45528461
1433,2.8,SWBD,-87.65273086,46.42731696
1434,4,SWBD,-87.53443926,46.42135392
1435,8,SWBD,-89.10253977,46.39379421
1438,6.4,SWBD,-86.86173235,46.28071407
1440,41.5,SWBD,-85.78338848,46.23889811
1442,15,SWBD,-89.42136746,46.21517147
1443,1.5,SWBD,-86.06126703,46.18177611
1444,18.9,SWBD,-88.21327703,46.17823269
1445,2.5,SWBD,-89.87498509,46.14022682
1447,3.3,SWBD,-89.02267591,46.06428489
1448,34.7,SWBD,-86.33229306,45.98901225
1449,10.8,SWBD,-88.2022269,46.01570547
1450,17,SWBD,-84.92367933,45.99765243
1451,1.2,SWBD,-87.97997853,45.95433151
1453,19.1,SWBD,-89.88165515,45.71891742
1454,8.9,SWBD,-89.44077234,45.67308527
1455,1.6,SWBD,-84.45260967,45.59892252
1457,41,McGill,-84.2726447,45.46491566
1458,13.8,SWBD,-89.19944726,45.5057362
1459,6.3,SWBD,-89.63488479,45.48674443
1461,7.6,SWBD,-89.74943735,45.47106836
1465,4.1,SWBD,-88.26020612,45.35664515
1466,6.1,SWBD,-88.19640146,45.30506902
1467,9.8,SWBD,-87.90771879,45.25669726
1470,5,SWBD,-83.56321158,45.10178267
1471,28.6,SWBD,-83.86340642,44.98300101
1472,11.4,SWBD,-85.74057519,45.01845344
1473,3.3,SWBD,-88.55432787,44.90393322
1474,0.5,SWBD,-85.39973476,44.90483895
1475,1.6,SWBD,-88.60351135,44.8884907
1476,35,SWBD,-83.56355708,44.80412973
1478,1.2,SWBD,-85.6142637,44.74650239
1479,6,SWBD,-89.77333599,44.73214154
1480,19.4,SWBD,-89.69415668,44.70511472
1482,39.4,SWBD,-86.17269915,44.6617037
1483,7.1,SWBD,-75.27681689,44.59182536
1484,3.6,SWBD,-83.81752395,44.57431423
1486,5.9,SWBD,-83.62237829,44.45437289
1487,2.1,SWBD,-83.74449173,44.46134076
1488,40.6,SWBD,-84.7227126,44.47408343
1489,5.9,SWBD,-83.48589695,44.44909247
1490,6.8,SWBD,-85.78039419,44.3801656
1492,4,SWBD,-85.90446306,44.25504197
1493,645.5,SWBD,-88.47204966,44.03577575
1494,5,SWBD,-75.39214592,44.15090859
1495,3.6,SWBD,-84.44555713,44.11330899
1496,2.9,SWBD,-84.32881266,44.07385821
1497,18.4,SWBD,-86.4538513,44.0520857
1498,0.4,SWBD,-84.9990369,43.95567596
1499,21.6,SWBD,-74.97061403,43.90232917
1500,3.2,SWBD,-86.42787206,43.89062632
1501,52.7,SWBD,-89.97808979,43.93776773
1502,31.3,SWBD,-89.0018452,43.80954088
1503,8.6,SWBD,-84.35393828,43.84885924
1504,21.4,SWBD,-89.16911493,43.75879483
1505,8.7,SWBD,-89.41563452,43.76478611
1507,5.5,SWBD,-84.38831483,43.71952843
1509,10.6,SWBD,-88.92386579,43.58497167
1510,10.9,SWBD,-75.86376546,43.53549496
1511,25.5,SWBD,-88.88849536,43.49578663
1512,11.3,SWBD,-88.61943085,43.37716684
1513,2,McGill,-78.27114041,43.31346431
1514,10.4,SWBD,-75.07570653,43.33221216
1515,31.9,SWBD,-89.59212599,43.37808639
1516,9.7,SWBD,-75.4291408,43.29303019
1517,206.8,McGill,-75.91015344,43.20324631
1519,6.6,SWBD,-86.03665968,43.24800613
1521,7.3,SWBD,-78.99742051,43.14828417
1522,6.7,SWBD,-83.44713205,43.12756504
1523,4.2,SWBD,-88.42581926,43.12660109
1524,41.1,SWBD,-89.41774779,43.10791869
1525,9.4,SWBD,-88.30701811,43.07296025
1526,5.2,SWBD,-88.93035757,43.0785812
1528,171.2,SWBD,-76.68200556,42.70119797
1529,34.3,SWBD,-76.36407885,42.86052686
1530,26.6,SWBD,-76.51022867,42.83442838
1531,8.8,SWBD,-76.28467891,42.86637085
1532,173.6,McGill,-76.91850481,42.65656355
1533,2.2,SWBD,-75.89219564,42.81430202
1534,2.2,SWBD,-83.82765844,42.78640193
1535,7.7,SWBD,-77.60918116,42.72670208
1536,46.3,SWBD,-77.13460462,42.52641536
1537,7.8,SWBD,-88.60706946,42.60714222
1538,21.3,SWBD,-88.50330784,42.56515571
1539,6.2,SWBD,-85.92106331,42.55139622
1540,4.2,SWBD,-83.65113726,42.52989337
1541,1.6,SWBD,-78.19777339,42.38005334
1542,3.4,SWBD,-77.08199674,42.39788122
1543,4.4,SWBD,-75.9743036,42.36957536
1544,1.7,SWBD,-78.29236464,42.24908362
1545,4.5,SWBD,-83.49789388,42.2112257
1546,3.7,SWBD,-83.58876713,42.21753097
1547,2,SWBD,-89.87426958,42.18005389
1548,2.9,SWBD,-84.30032262,42.09248965
1549,53.3,McGill,-79.40158083,42.16862209
1550,16.3,SWBD,-75.3079646,42.09547404
1551,2.9,SWBD,-77.17324216,41.89311084
1552,2,SWBD,-77.12975258,41.88089239
1553,41.4,SWBD,-78.93822193,41.94682717
1554,2.1,SWBD,-85.00772377,41.75808765
1555,0.3,SWBD,-75.48675811,41.70292859
1556,2.9,SWBD,-86.06859133,41.67715332
1557,3.7,SWBD,-78.56456782,41.58337618
1558,3,SWBD,-84.91872694,41.55019246
1559,55.2,SWBD,-80.49904726,41.6054471
1560,21,SWBD,-75.23406697,41.41285695
1561,5.5,SWBD,-81.20237508,41.38536623
1562,5.2,SWBD,-80.11821285,41.40417828
1563,7.4,SWBD,-88.34035234,41.36882906
1564,2,SWBD,-88.25607901,41.35542298
1565,28.4,SWBD,-80.75481968,41.37209784
1566,13.5,SWBD,-80.43316104,41.29953783
1567,7.7,SWBD,-88.63576302,41.25495957
1568,1.3,SWBD,-76.05686352,41.27491868
1569,1.9,SWBD,-84.43354188,41.20670892
1570,10.2,SWBD,-88.22056823,41.2218725
1571,2.9,SWBD,-81.31373374,41.18953156
1572,9,SWBD,-81.12063766,41.14381464
1573,6.6,SWBD,-80.80128874,41.12378623
1574,6.3,SWBD,-80.98104962,41.09668159
1575,6.6,SWBD,-77.64904699,41.02410068
1576,10.4,SWBD,-81.02764565,41.01011585
1577,3.3,SWBD,-83.57007204,41.01919493
1578,11.8,SWBD,-80.0705342,40.95021978
1579,2.8,SWBD,-78.5401578,40.94388225
1580,1.8,SWBD,-75.56500439,40.93621624
1581,2.8,SWBD,-81.52556556,40.93954597
1582,0.8,SWBD,-79.25788509,40.9224984
1583,1,SWBD,-75.55935462,40.90462353
1584,1.2,SWBD,-75.97456248,40.86381513
1585,3.4,SWBD,-75.61060694,40.86314427
1586,2.3,SWBD,-85.44426248,40.8409087
1587,7.5,SWBD,-85.61714871,40.77567839
1588,3,SWBD,-86.78575715,40.81623886
1589,2.2,SWBD,-84.23345471,40.73745861
1590,3.1,SWBD,-79.29000434,40.74919552
1591,2.5,SWBD,-75.10221293,40.73426655
1592,10.7,SWBD,-85.88029441,40.68587115
1593,3.7,SWBD,-82.62987368,40.70749376
1594,6.5,SWBD,-78.54914098,40.67075315
1595,2.1,SWBD,-81.19006344,40.66253589
1596,1.4,SWBD,-88.92735821,40.64965741
1597,5.3,SWBD,-86.75411954,40.69411025
1598,2.6,SWBD,-89.0378298,40.64016429
1599,2.4,SWBD,-80.51494107,40.61673468
1600,2.9,SWBD,-82.34434419,40.6396763
1601,1.7,SWBD,-79.07935074,40.6139985
1602,2.1,SWBD,-79.02930427,40.57758193
1603,1.5,SWBD,-80.36298736,40.58006688
1604,5.7,SWBD,-89.70530318,40.54800643
1605,49.7,SWBD,-84.5006233,40.52702013
1606,5.5,SWBD,-81.24810748,40.54401927
1607,4,SWBD,-79.55859056,40.48272483
1608,17.6,SWBD,-83.88311105,40.49466886
1609,3.3,SWBD,-81.17466802,40.47963651
1610,5.4,SWBD,-75.22331881,40.45981683
1611,2.2,SWBD,-76.71652121,40.47332335
1612,4.3,SWBD,-89.96982301,40.47946892
1614,1.8,SWBD,-82.3462159,40.43105088
1615,3.2,SWBD,-76.05313428,40.38655049
1616,3.6,SWBD,-83.05421171,40.39293694
1617,8.2,SWBD,-81.18643938,40.34003861
1618,2.8,SWBD,-75.50368287,40.36807155
1619,6.1,SWBD,-81.22115676,40.25461386
1620,8.5,SWBD,-81.1866757,40.15116019
1621,10.4,SWBD,-82.96552295,40.22586717
1622,3.4,SWBD,-78.96258118,40.16597469
1623,2.8,SWBD,-83.13537054,40.19322889
1624,4.6,SWBD,-85.28826894,40.12488036
1625,18.7,SWBD,-88.81110182,40.16343652
1626,10.2,SWBD,-82.87983816,40.16640804
1627,10.3,SWBD,-81.50894544,40.1081482
1628,4.6,SWBD,-86.03829452,40.10199272
1629,1.9,SWBD,-78.86647912,40.04178102
1630,2.4,SWBD,-85.31188822,40.02685206
1631,4.9,SWBD,-82.11129309,40.01058302
1632,0.4,SWBD,-80.40100268,39.96257308
1633,1.2,SWBD,-75.40602266,39.95731492
1634,7.7,SWBD,-83.73118426,39.96756291
1635,10.8,SWBD,-82.48111592,39.92058794
1636,13.8,SWBD,-81.39420063,39.90773924
1637,5.8,SWBD,-85.95142259,39.9291515
1638,0.3,SWBD,-80.80004931,39.82751598
1639,10.9,SWBD,-88.90145045,39.84531517
1640,4.9,SWBD,-86.3050188,39.85030678
1641,1.9,SWBD,-76.29405478,39.82540885
1642,3.8,SWBD,-76.90188586,39.79382896
1643,8.9,SWBD,-79.38360624,39.75688764
1644,10.9,SWBD,-89.60050494,39.72256667
1645,5.6,SWBD,-87.06591327,39.74069672
1646,5.6,SWBD,-79.86613168,39.68908256
1647,8.1,SWBD,-89.46981348,39.61799237
1648,4,SWBD,-76.742785,39.63876997
1649,4.8,SWBD,-83.23825833,39.61857613
1650,2.4,SWBD,-82.04006081,39.5378009
1651,4,SWBD,-89.25669825,39.49930132
1652,14.6,SWBD,-79.31644024,39.49986541
1653,0.7,SWBD,-79.13779224,39.51709684
1654,5.5,SWBD,-86.88702092,39.46815122
1655,10.4,SWBD,-84.01145115,39.51619647
1656,19.8,SWBD,-84.99411987,39.51500678
1657,3,SWBD,-79.13593775,39.41819861
1658,6.4,SWBD,-76.57118155,39.45619533
1659,42,SWBD,-88.69267435,39.51058785
1660,2.4,SWBD,-87.80711558,39.42676791
1661,2.7,SWBD,-89.89959124,39.43103805
1662,3.4,SWBD,-75.06241163,39.41635565
1663,2.6,SWBD,-83.90168508,39.38602193
1664,6.3,SWBD,-76.88708897,39.41550202
1665,24,McGill,-81.12046444,39.47525603
1666,3.6,SWBD,-88.46698588,39.35708681
1667,6.3,SWBD,-80.00581829,39.27853257
1668,0.7,SWBD,-86.12655575,39.29956653
1669,5.2,SWBD,-86.39522511,39.25949175
1670,4.6,SWBD,-83.38457689,39.25813596
1671,4.4,SWBD,-79.26074755,39.18737605
1672,2.6,SWBD,-77.01744666,39.20956371
1673,5.2,SWBD,-89.60152992,39.22345894
1674,4.1,SWBD,-89.46664309,39.21261665
1675,7.5,SWBD,-83.48159433,39.18643507
1676,1.5,SWBD,-77.30373427,39.19220896
1677,1.3,SWBD,-86.04468878,39.15048491
1678,1.8,SWBD,-88.63727405,39.13737478
1679,1.9,SWBD,-76.91293151,39.12973146
1680,0.8,SWBD,-82.24602479,39.07745736
1681,5.5,SWBD,-87.52941592,39.06298156
1682,3.4,SWBD,-89.40330906,39.05191389
1683,7.8,SWBD,-84.12002829,39.01952943
1684,40.2,SWBD,-86.43413132,39.05506336
1685,5.5,SWBD,-80.46597448,38.96532442
1686,1.8,SWBD,-80.34859987,38.97581397
1687,1,SWBD,-82.1523559,38.96488459
1688,2.5,SWBD,-89.38176839,38.94313215
1689,5.4,SWBD,-88.29031732,38.91227409
1690,2.9,SWBD,-86.84291866,38.88380338
1691,2.7,SWBD,-80.59225178,38.81767935
1692,2.6,SWBD,-85.69500253,38.77995834
1693,2.1,SWBD,-77.64088255,38.77128251
1694,2.6,SWBD,-88.05645172,38.75981965
1695,2.1,SWBD,-86.93379564,38.7272112
1696,1.5,SWBD,-88.75945572,38.72311222
1697,3.9,SWBD,-77.33911965,38.71433417
1698,1,SWBD,-83.46801102,38.68458872
1699,4.5,SWBD,-80.63101157,38.65764315
1700,1.2,McGill,-85.10945136,38.63100709
1701,4.2,SWBD,-87.04844141,38.54815818
1702,1.4,SWBD,-77.46936115,38.532093
1703,33,SWBD,-86.64055716,38.41152955
1704,11.9,SWBD,-87.75772468,38.35055109
1705,1.8,SWBD,-77.7625802,38.33830305
1706,2.8,SWBD,-82.39296369,38.30250839
1707,2.9,SWBD,-83.00091394,38.22541153
1708,1.3,SWBD,-77.61171242,38.25007002
1709,4.8,SWBD,-80.86636946,38.23314731
1710,8,SWBD,-89.86602309,38.21691991
1711,1.3,SWBD,-79.79789448,38.20853866
1712,3.3,SWBD,-82.35985795,38.11205478
1713,7,SWBD,-82.72631679,38.08988116
1714,27.8,SWBD,-83.49168746,38.06937882
1715,1,SWBD,-78.48884731,38.10458892
1716,73,SWBD,-88.96369575,38.11406055
1717,44.7,SWBD,-77.78724047,38.05414556
1718,10.6,SWBD,-85.23853135,37.9986989
1719,1.2,SWBD,-86.11064269,37.983952
1720,6.9,McGill,-89.94210303,38.05882469
1721,8.9,SWBD,-79.96458234,37.97221762
1722,1.1,SWBD,-78.31393348,37.91639685
1723,1.2,SWBD,-82.88332648,37.84554003
1724,7.3,SWBD,-84.70999445,37.72138598
1725,8.2,SWBD,-89.45186199,37.80532199
1726,3.3,SWBD,-82.7132396,37.70868001
1727,27.9,SWBD,-89.08685321,37.71729794
1728,6.4,SWBD,-89.28196462,37.63728719
1729,3.2,SWBD,-89.14276026,37.62967299
1730,2.1,SWBD,-89.09241214,37.62458996
1731,7.9,SWBD,-88.91810813,37.59457155
1732,15.7,SWBD,-86.43881524,37.60144996
1733,1.5,SWBD,-81.80723265,37.60789961
1734,3.5,SWBD,-76.90674829,37.43885112
1735,2.7,SWBD,-82.38260581,37.42454104
1736,6.1,SWBD,-77.6709997,37.42992887
1737,2.2,SWBD,-79.95380551,37.38493649
1739,2.2,SWBD,-83.45347224,37.30514093
1740,18,SWBD,-86.18181387,37.33075277
1741,30.8,SWBD,-85.29281005,37.24900824
1742,2.8,SWBD,-82.37530681,37.21799226
1743,0.4,SWBD,-80.17497824,37.22539578
1744,1.8,SWBD,-82.99035873,37.23016084
1745,9,SWBD,-77.6022457,37.25045705
1746,1.7,SWBD,-84.18157008,37.19271402
1747,68.6,McGill,-88.30677887,37.39912941
1748,8.9,SWBD,-79.452346,37.05138185
1749,1.9,SWBD,-87.04351616,37.05673855
1750,14.6,SWBD,-80.65921764,37.03569604
1751,71.1,SWBD,-79.63268545,37.07282428
1752,255.1,UY,-87.95101717,36.76945692
1753,574.8,UY,-88.04975819,36.37365783
1754,19,SWBD,-84.21872434,36.96331949
1755,32,SWBD,-86.06924011,36.87397373
1756,159.5,SWBD,-84.89451031,36.92479626
1757,5.8,SWBD,-76.617114,36.81634869
1758,8.2,SWBD,-80.06074987,36.80885385
1759,0.9,SWBD,-83.70158089,36.68171453
1760,12.9,SWBD,-76.46975295,36.60285317
1762,89.6,SWBD,-85.30865847,36.58277583
1763,22.4,SWBD,-82.04043166,36.55493278
1764,68.9,SWBD,-77.98471376,36.53120256
1765,10.4,SWBD,-82.38513892,36.44542607
1766,27.3,SWBD,-89.40232544,36.38148531
1767,21.4,SWBD,-82.03085568,36.3295191
1768,58.4,SWBD,-86.51238057,36.29924692
1769,2.6,SWBD,-79.68880584,36.29163869
1770,88,SWBD,-83.91711394,36.31631352
1771,5.5,SWBD,-79.76275666,36.18093349
1772,2.7,SWBD,-79.41727964,36.20411719
1773,2.9,SWBD,-79.85651113,36.16801629
1774,71.1,SWBD,-83.36273335,36.25286769
1776,5.2,SWBD,-81.26619531,36.11880692
1777,59.6,SWBD,-85.74259371,36.00682351
1778,3.6,SWBD,-79.53346106,36.03867239
1779,2.5,SWBD,-79.99569483,36.01728756
1780,0.8,SWBD,-79.94489673,36.00376518
1782,38.4,SWBD,-78.70687525,36.02375271
1783,17.5,SWBD,-84.21872851,35.96767449
1784,2.3,SWBD,-80.18245936,35.89252605
1785,1.4,SWBD,-85.0697051,35.86901256
1786,13.2,SWBD,-81.29770421,35.79895064
1787,4.1,SWBD,-85.57556116,35.80144286
1788,99.8,SWBD,-84.16214088,35.7175133
1790,3.8,SWBD,-81.10841756,35.77772359
1791,24.5,SWBD,-81.89317321,35.75107504
1792,0.1,SWBD,-87.11497599,35.70263899
1793,0.9,SWBD,-83.03468316,35.68309413
1794,3.2,SWBD,-88.42127437,35.6823918
1795,1.3,SWBD,-82.33852283,35.66754602
1796,37,SWBD,-79.03261399,35.72447485
1797,120.5,SWBD,-84.67343921,35.75730866
1798,39.4,SWBD,-80.28606208,35.65498632
1799,1.6,SWBD,-83.96023726,35.48899232
1800,10.6,SWBD,-86.20605382,35.45792875
1801,24.9,SWBD,-83.65187341,35.43299618
1802,1.8,SWBD,-83.89181449,35.45719929
1803,4.3,SWBD,-80.70842584,35.45391896
1805,2.8,SWBD,-82.19884636,35.43629808
1806,22.1,SWBD,-80.10654657,35.45663192
1808,1,SWBD,-76.79738268,35.35280641
1809,7.1,SWBD,-80.95372838,35.35447521
1810,13.6,SWBD,-86.06252174,35.31208756
1811,4.8,SWBD,-81.45527397,35.29688448
1812,1.3,SWBD,-83.05631451,35.23611524
1813,3.1,SWBD,-79.59631959,35.24593924
1814,19.2,SWBD,-80.08321351,35.27639011
1815,4.9,SWBD,-83.66080154,35.17685765
1816,5,SWBD,-83.14567684,35.17273011
1817,3.4,SWBD,-84.2458001,35.16240169
1818,12.4,SWBD,-84.13727163,35.12384302
1819,3.9,SWBD,-82.39648398,35.15143006
1820,1.9,SWBD,-82.94305037,35.13102603
1821,5.6,SWBD,-82.06067772,35.10902272
1822,111,SWBD,-85.03769242,35.30805575
1823,6.1,SWBD,-84.61299398,35.09658792
1824,155.7,SWBD,-88.044108,34.88922498
1825,1.8,SWBD,-82.68454839,35.06330718
1826,2.8,SWBD,-81.88462129,35.08032956
1827,36.1,SWBD,-81.0414471,35.10969049
1828,21.5,SWBD,-83.77536461,34.99078409
1829,39.1,SWBD,-85.46699773,35.0498742
1830,3,SWBD,-82.30905946,35.01157851
1831,8.8,SWBD,-79.89280062,35.01785926
1832,29.2,SWBD,-82.93904087,34.99225426
1833,7.2,SWBD,-84.0763285,34.93229404
1834,9.4,SWBD,-84.2667041,34.85361217
1836,58.5,SWBD,-82.92012552,34.80323407
1837,9,SWBD,-83.5533489,34.8310571
1838,2.1,SWBD,-83.43947574,34.76379087
1839,1.7,SWBD,-83.35315334,34.7271162
1840,1,SWBD,-83.34501988,34.69381647
1841,9.9,SWBD,-84.63752092,34.61302034
1842,9,SWBD,-80.88735818,34.64162168
1843,12.5,SWBD,-87.92696866,34.52926601
1844,2.5,SWBD,-80.87763101,34.55443214
1845,25.2,SWBD,-88.31282167,34.57571742
1846,5,SWBD,-87.94863968,34.44497394
1847,166.9,SWBD,-86.19566852,34.47035115
1848,118.6,SWBD,-89.67564098,34.46830119
1849,8,SWBD,-80.15529227,34.43959173
1850,1.4,SWBD,-85.30501382,34.36379122
1852,43.7,SWBD,-80.81064344,34.41163179
1853,26.9,SWBD,-81.31303188,34.33553927
1854,1.6,SWBD,-84.59475695,34.30099242
1855,4.2,SWBD,-87.66827794,34.29530682
1856,5.4,SWBD,-88.42137699,34.29832823
1857,11.7,SWBD,-81.35853457,34.30684859
1858,3.2,SWBD,-82.59218161,34.28872712
1859,1.4,SWBD,-86.80527735,34.20650058
1861,36.8,SWBD,-82.01133036,34.25051586
1862,36.2,SWBD,-84.65223176,34.1456322
1864,59,SWBD,-89.80626384,34.15339066
1865,9.6,SWBD,-88.39985133,34.11567357
1867,62.6,SWBD,-87.12722667,34.0371111
1868,5.6,SWBD,-88.5273523,33.85609267
1869,107.5,SWBD,-89.69365345,33.84480636
1870,26.3,SWBD,-86.06805258,33.85910295
1871,2.3,SWBD,-83.93957457,33.74232846
1872,131.4,SWBD,-82.27855092,33.73937845
1873,3.4,SWBD,-83.8055797,33.6671631
1874,0.3,SWBD,-87.06030398,33.60699419
1875,0.6,SWBD,-86.97729668,33.56554519
1876,9,SWBD,-88.49078101,33.53794494
1877,2,SWBD,-84.29384545,33.5151849
1878,3,SWBD,-86.65189164,33.46462486
1879,223.3,SWBD,-80.27293462,33.46390014
1880,55.7,SWBD,-86.24078971,33.53606882
1881,3.7,SWBD,-85.04150401,33.42229045
1882,0.8,SWBD,-84.57989488,33.42982518
1883,69.9,SWBD,-83.24333129,33.46830916
1884,2.5,SWBD,-84.21672861,33.33762974
1885,3.2,SWBD,-84.42055382,33.33182415
1886,9.4,SWBD,-83.85790239,33.35961883
1887,1,SWBD,-87.48011751,33.3034003
1888,18.1,SWBD,-87.55838988,33.34704215
1889,25,SWBD,-85.59158304,33.30019019
1890,220.9,SWBD,-80.05439613,33.308191
1891,8.8,SWBD,-81.52627941,33.2550091
1892,1.8,SWBD,-84.03072616,33.194221
1893,3.8,SWBD,-81.63295139,33.18197159
1894,37.9,SWBD,-83.23086337,33.21245875
1895,32.4,SWBD,-86.50252552,33.06685947
1897,1.4,SWBD,-83.65520468,32.90892315
1898,5.6,SWBD,-83.80648876,32.83482216
1899,19.7,SWBD,-86.45997423,32.87141217
1900,134,SWBD,-85.90803678,32.78043277
1901,18.6,SWBD,-85.12065588,32.69760485
1902,11.1,SWBD,-86.30059506,32.64523801
1903,3.5,SWBD,-85.08948523,32.63387914
1904,2.9,SWBD,-86.28917434,32.59796928
1905,2.2,McGill,-85.88798664,32.55069727
1906,6.6,SWBD,-85.03176003,32.55143327
1907,3.4,SWBD,-88.50937206,32.48965268
1908,14.2,SWBD,-88.79537886,32.49927752
1909,27.1,SWBD,-83.93511798,31.93982574
1910,126.3,SWBD,-85.10643095,31.78516908
1911,6.1,SWBD,-86.44097753,31.43976765
1912,2.2,SWBD,-85.71644411,31.39710135
1913,3.5,SWBD,-89.56622192,31.20440299
1914,1.8,SWBD,-89.12969133,30.88315715
1915,11,SWBD,-88.33490836,30.74549634
1916,83.5,SWBD,-84.83907732,30.77018709
1917,28.9,SWBD,-84.57111808,30.43273539
1918,12.8,SWBD,-85.18183106,30.19315308
1919,18.6,SWBD,-81.8521604,29.51521407
1921,4.4,SWBD,-81.34142566,28.86862748
1922,31.2,McGill,-81.72780734,28.84680782
1923,0.7,SWBD,-82.29607045,28.85238939
1924,1.8,McGill,-82.28067897,28.76882608
1925,5.7,SWBD,-81.21335129,28.38049428
1926,5.5,SWBD,-80.94928027,28.33520232
1927,35.2,SWBD,-81.2823424,28.2931324
1928,0.8,SWBD,-81.16869671,28.25778139
1929,11.9,SWBD,-81.20953898,28.21035078
1930,64.5,SWBD,-81.38157146,28.2047346
1931,6.3,SWBD,-81.24360741,28.14099403
1932,1.7,SWBD,-81.74209389,28.05556092
1933,2.6,SWBD,-81.69063925,28.05927461
1934,1,SWBD,-81.71113764,28.058476
1935,8.3,SWBD,-81.65300707,28.05090316
1936,18.1,SWBD,-81.83816701,27.9711143
1937,1.7,SWBD,-82.16187478,27.91722679
1938,1.6,SWBD,-81.89366571,27.88474054
1939,1.1,GLWD,-81.85164073,27.86158173
1940,0.9,SWBD,-81.84387832,27.8541081
1941,0.2,SWBD,-81.7816922,27.85391214
1942,1.3,SWBD,-82.0235838,27.83056828
1943,0.4,SWBD,-81.8781508,27.81419949
1944,121.1,SWBD,-81.26550703,27.9071394
1945,1.7,SWBD,-81.99841774,27.80997418
1946,3.6,SWBD,-81.85870208,27.79836964
1947,1.4,SWBD,-82.03425119,27.785435
1948,0.2,SWBD,-81.8253551,27.76388854
1949,0.8,SWBD,-82.08911069,27.74481934
1950,0.1,SWBD,-82.04170002,27.7331855
1951,3.1,SWBD,-81.98589925,27.71873405
1952,1.7,SWBD,-81.92546949,27.7031127
1953,13.3,SWBD,-82.32747321,27.61986537
1954,5,SWBD,-82.32673925,27.4841777
1955,14.5,SWBD,-81.39895606,27.30401354
1956,23.1,SWBD,-80.58633124,27.04179904
1957,1418.8,SWBD,-80.80343709,26.94446346
1958,3.4,SWBD,-80.35163708,26.37735249
1959,0.4,McGill,-80.49223349,25.75698161
2032,20.7,SWBD,-68.24362934,46.5436851
2034,52.2,SWBD,-69.33741323,46.3692813
2035,10.6,SWBD,-68.88432724,46.29848315
2036,18.5,SWBD,-69.60342629,46.20350635
2037,5.3,SWBD,-69.31462937,46.17914938
2038,52.5,SWBD,-69.27927283,46.21814456
2039,4.6,SWBD,-69.63498932,46.14252466
2040,5.3,SWBD,-69.09557834,46.04059651
2042,4,SWBD,-70.21698549,45.93691478
2043,25.1,SWBD,-69.84539753,45.9134942
2044,110.3,SWBD,-69.34508191,45.98730641
2045,6.4,SWBD,-70.03941958,45.84237101
2046,6.4,SWBD,-69.11698319,45.82396931
2047,9.9,SWBD,-69.37582406,45.82083719
2048,34.4,SWBD,-68.79319496,45.75903529
2049,12.3,SWBD,-69.37865628,45.65462779
2050,63.3,SWBD,-67.79684001,45.71753679
2051,29.1,SWBD,-69.87004724,45.66868003
2052,6.9,SWBD,-67.84893941,45.61844582
2053,78.4,SWBD,-68.89133032,45.68016078
2054,10,SWBD,-68.62844723,45.65311883
2056,299.5,SWBD,-69.66139381,45.66541171
2057,6.5,McGill,-68.46446864,45.58867501
2058,68.1,SWBD,-67.58622845,45.60630467
2059,12.7,SWBD,-69.80940354,45.52329849
2062,9.5,SWBD,-69.84094741,45.30683392
2063,27.5,SWBD,-68.92403492,45.37279665
2064,70.8,SWBD,-67.62959122,45.20380662
2065,24.8,SWBD,-69.27530777,45.2763684
2066,4.4,SWBD,-70.074397,45.26254735
2067,63.3,SWBD,-70.30607158,45.19768504
2068,92,SWBD,-67.9057752,45.25377949
2069,4.7,SWBD,-67.42842315,45.1952149
2070,3.8,SWBD,-71.17223729,45.15503701
2071,21.1,SWBD,-68.15130122,45.08157743
2072,7.2,SWBD,-70.72149719,45.09474257
2073,5.9,SWBD,-67.69737133,45.05872747
2074,10.7,SWBD,-71.24891737,45.09266242
2075,13.4,McGill,-69.95514559,45.13630225
2076,6.4,SWBD,-71.32997067,45.04206511
2077,26.7,SWBD,-67.38109006,45.07208007
2078,163.3,GLWD,-74.97435462,44.95644133
2079,25.5,SWBD,-70.69438556,44.9454034
2080,25.7,SWBD,-70.99833801,45.01787384
2081,12.5,SWBD,-67.41064898,44.94924716
2083,14.7,SWBD,-69.51691815,44.92319355
2084,59.5,SWBD,-70.8034798,44.91510697
2085,17.9,SWBD,-69.24212622,44.85894681
2086,2.1,McGill,-69.8736978,44.8377802
2087,31.8,McGill,-71.04590078,44.76479554
2088,28.8,SWBD,-70.88590838,44.83082516
2089,7,SWBD,-73.81829167,44.74711586
2090,3.9,McGill,-69.80782211,44.74540639
2091,21,SWBD,-67.35806367,44.79221895
2092,1.8,SWBD,-74.34399187,44.71406159
2093,2.1,SWBD,-72.51952077,44.63099679
2094,35.7,SWBD,-68.39794589,44.65557712
2095,2.1,SWBD,-70.25077743,44.5968129
2096,15.1,SWBD,-69.79479569,44.4742339
2097,33.9,SWBD,-69.84448526,44.53755912
2098,1.3,SWBD,-74.11354869,44.51845814
2099,5.4,SWBD,-68.98661177,44.54869024
2100,2.3,SWBD,-74.79036964,44.50881891
2101,5.3,SWBD,-73.9386466,44.48410719
2102,2.4,SWBD,-74.75575585,44.48231246
2103,3.1,SWBD,-73.85694439,44.48521192
2104,12.2,McGill,-74.73289198,44.40663309
2105,2.8,SWBD,-70.68033697,44.39577806
2106,2.8,SWBD,-72.75237684,44.3947419
2108,1.3,SWBD,-72.28650687,44.35711537
2110,7.9,SWBD,-73.97444469,44.32196387
2111,20.9,SWBD,-69.92501783,44.26889864
2112,18.4,SWBD,-74.32068144,44.29454994
2113,26.5,SWBD,-74.5045506,44.19063967
2114,2.4,SWBD,-69.55842379,44.21689607
2115,24.6,SWBD,-74.83012271,44.16957294
2118,10.9,McGill,-70.20030202,44.19676138
2119,10.8,SWBD,-70.91022977,44.19452587
2120,8.9,SWBD,-70.25230898,44.14686001
2121,0.8,McGill,-74.66092785,44.11428445
2122,17.6,SWBD,-69.48660758,44.14785585
2123,4,SWBD,-70.93250421,44.00634012
2124,23.6,SWBD,-70.64568674,44.02500413
2125,4.7,SWBD,-74.57897547,43.90248776
2126,118.7,SWBD,-70.54776814,43.85507624
2127,113.4,SWBD,-73.58041284,43.60040421
2128,2.8,SWBD,-71.0921259,43.80081317
2129,16,SWBD,-74.32975472,43.68612484
2130,26.8,SWBD,-71.52479276,43.75042769
2131,2.5,SWBD,-72.91092679,43.73109494
2132,4.3,SWBD,-74.92067883,43.71847938
2133,6.2,SWBD,-73.70215252,43.71637601
2134,21.9,GLWD,-73.77825895,43.77622708
2135,3.3,McGill,-72.28175712,43.71103023
2136,0.4,SWBD,-70.60656868,43.67530294
2137,2.4,SWBD,-73.85689229,43.67782545
2138,4.2,SWBD,-72.14732669,43.62726795
2139,3.2,SWBD,-71.52423097,43.65838374
2140,17.4,SWBD,-71.76799931,43.6597654
2141,1.7,McGill,-71.6848687,43.60297349
2142,4.2,SWBD,-74.98522843,43.59781395
2143,1.4,SWBD,-70.56652683,43.5855895
2144,6.5,SWBD,-70.97625893,43.58229675
2145,181.8,McGill,-71.34570032,43.61585
2146,3.1,SWBD,-70.86351027,43.52141602
2147,16.8,SWBD,-71.51138307,43.53639139
2148,4.7,SWBD,-71.15651674,43.48803299
2149,13.5,McGill,-71.69413931,43.52682054
2150,4.3,SWBD,-70.96919936,43.44206068
2151,15.8,SWBD,-72.05408522,43.38053776
2152,97.6,SWBD,-74.14684691,43.1701401
2153,1.5,SWBD,-73.90141718,43.30621735
2154,1.4,McGill,-73.7362773,43.25958398
2155,0.4,McGill,-72.25126193,43.26788876
2156,4.3,SWBD,-71.17991053,43.24737515
2157,2.6,McGill,-73.77999306,43.23540628
2158,1.8,McGill,-71.71700886,43.18009259
2159,0.2,SWBD,-74.58087856,43.14713488
2160,3.4,McGill,-72.44810594,43.17373793
2161,1.9,SWBD,-71.954129,43.09827253
2162,5.5,SWBD,-74.41134695,43.1144859
2163,17,McGill,-73.73537196,43.02388316
2164,2.5,SWBD,-71.14486932,43.08878689
2165,10.2,McGill,-71.37242953,42.98751518
2166,4.6,SWBD,-72.94371405,43.00172589
2167,3,McGill,-73.65412312,42.93372961
2168,6.5,SWBD,-73.54917307,42.84574294
2169,2.2,McGill,-73.8610023,42.82194297
2170,10.5,McGill,-73.77128733,42.79663432
2171,5.2,SWBD,-72.8980518,42.82854268
2172,4.7,GLWD,-72.51742472,42.78486999
2173,2.4,SWBD,-71.99647328,42.71829461
2174,16.3,SWBD,-74.89667097,42.76233591
2175,2.9,McGill,-71.22217554,42.68260663
2176,0.6,SWBD,-72.44128181,42.61352959
2177,5.4,SWBD,-73.94686148,42.48097438
2178,0.9,SWBD,-74.4542853,42.44478525
2179,1.2,SWBD,-74.42714564,42.44507149
2180,16.4,SWBD,-71.73401369,42.38048445
2181,3.9,SWBD,-74.44111418,42.36858108
2182,1.3,SWBD,-71.9192347,42.34645723
2183,0.3,SWBD,-71.15796784,42.33514572
2184,1.3,SWBD,-73.31806575,42.33601671
2185,4.4,SWBD,-71.5145898,42.316584
2186,96.1,SWBD,-72.3051654,42.39351236
2187,1,SWBD,-73.80737422,42.29329061
2188,0.9,SWBD,-72.88606224,42.27722347
2189,1.4,SWBD,-72.78208764,42.22748732
2190,3.7,SWBD,-73.04142272,42.1517994
2191,4,SWBD,-72.91108927,42.13632305
2192,19.7,SWBD,-74.86184929,42.08987098
2193,0.8,McGill,-73.02597279,41.99685696
2194,1.4,SWBD,-71.39876732,41.99795239
2196,1.7,SWBD,-73.09110863,41.90586686
2197,8.7,SWBD,-72.95315778,41.96241792
2198,1,SWBD,-72.95828751,41.89458959
2199,1.8,SWBD,-72.42743978,41.8842449
2200,4.1,SWBD,-74.65683622,41.83834884
2201,7.5,SWBD,-74.47057113,41.82518255
2202,3.1,SWBD,-72.94587195,41.81135733
2203,1.2,SWBD,-73.31109988,41.75722558
2204,3.1,SWBD,-74.78344237,41.61096586
2205,1.5,SWBD,-74.75896452,41.4987274
2206,0.7,SWBD,-73.75000145,41.45824481
2207,20.3,SWBD,-73.45398754,41.5021115
2208,1.4,SWBD,-73.5854156,41.41606663
2209,3.6,SWBD,-73.70236531,41.42481115
2210,1.8,SWBD,-73.58053133,41.39680493
2211,1.5,SWBD,-73.64331159,41.40344938
2212,3.2,SWBD,-74.98793175,41.37471127
2213,2.3,SWBD,-73.73933668,41.38043203
2214,3.8,SWBD,-73.66521175,41.37491973
2215,0.2,SWBD,-72.61183925,41.36710607
2216,3.7,SWBD,-72.77591951,41.34949691
2217,2.4,SWBD,-73.62808038,41.33056061
2218,2,SWBD,-73.74388946,41.30604803
2219,3.2,SWBD,-73.63800224,41.25702691
2220,2.9,SWBD,-73.36683737,41.26727196
2221,1.7,SWBD,-73.26694941,41.26424864
2222,10.1,SWBD,-73.76964885,41.25134434
2223,7.2,SWBD,-74.32246305,41.18476878
2224,2.1,SWBD,-74.30752116,41.12822972
2225,3.6,SWBD,-73.96104483,41.13862417
2226,1.5,SWBD,-74.45078119,41.08386975
2227,7.7,SWBD,-73.7458826,41.08896459
2228,8.3,SWBD,-74.29087522,41.07420562
2229,1.6,SWBD,-74.49672073,41.0558876
2230,1.2,SWBD,-74.43132809,41.02458174
2231,3.6,SWBD,-73.99166838,41.03225407
2232,1.6,SWBD,-74.24790968,40.97373714
2233,2,SWBD,-74.44372716,40.97781894
2234,2.1,SWBD,-74.00706523,40.96871186
2235,9.2,SWBD,-74.63800517,40.94797274
2236,3,SWBD,-74.4080987,40.88225264
2237,1.8,SWBD,-74.10723497,40.77979651
2238,4.9,SWBD,-74.93147763,40.65293821
2239,8.6,SWBD,-74.82550462,40.61581293
2240,0.1,SWBD,-74.58019436,40.23121106
2241,2.8,SWBD,-74.20851224,40.17772901
2242,2.7,SWBD,-74.78690372,40.14048212
2252,2.6,SWBD,-66.9166045,18.37788379
2254,1,SWBD,-66.23325057,18.33242857
2255,1.2,SWBD,-66.66317781,18.32551125
2256,1.9,SWBD,-66.65258905,18.26008101
2257,2.1,SWBD,-66.47385021,18.10258031
2258,0.7,SWBD,-66.10012627,18.07374666
2259,0.9,SWBD,-66.02143565,18.02372646
